BSID,MatchID,PlayerID,PlayerName,MatchName,HomeTeam,AwayTeam,CurrentInnings,InningsID,Runs,BallsFaced,Fours,Sixes,StrikeRate,NotOut
BS0001,M001,TP0020,Ruturaj Gaikwad,CSK v KKR,CSK,KKR,CSK,1,0,4,0,0,0,FALSE
BS0002,M001,TP0006,Devon Conway,CSK v KKR,CSK,KKR,CSK,1,3,8,0,0,37.5,FALSE
BS0003,M001,TP0019,Robin Uthappa,CSK v KKR,CSK,KKR,CSK,1,28,21,2,2,133.33,FALSE
BS0004,M001,TP0002,Ambati Rayudu,CSK v KKR,CSK,KKR,CSK,1,15,17,1,1,88.23,FALSE
BS0005,M001,TP0018,Ravindra Jadeja,CSK v KKR,CSK,KKR,CSK,1,26,28,0,1,92.85,TRUE
BS0006,M001,TP0021,Shivam Dube,CSK v KKR,CSK,KKR,CSK,1,3,6,0,0,50,FALSE
BS0007,M001,TP0013,MS Dhoni,CSK v KKR,CSK,KKR,CSK,1,50,38,7,1,131.57,TRUE
BS0008,M001,TP0076,Ajinkya Rahane,CSK v KKR,CSK,KKR,KKR,2,44,34,6,1,129.41,FALSE
BS0009,M001,TP0099,Venkatesh Iyer,CSK v KKR,CSK,KKR,KKR,2,16,16,2,0,100,FALSE
BS0010,M001,TP0085,Nitish Rana,CSK v KKR,CSK,KKR,KKR,2,21,17,2,1,123.52,FALSE
BS0011,M001,TP0094,Shreyas Iyer,CSK v KKR,CSK,KKR,KKR,2,20,19,1,0,105.26,TRUE
BS0012,M001,TP0091,Sam Billings,CSK v KKR,CSK,KKR,KKR,2,25,22,1,1,113.63,FALSE
BS0013,M001,TP0092,Sheldon Jackson,CSK v KKR,CSK,KKR,KKR,2,3,3,0,0,100,TRUE
BS0014,M002,TP0140,Rohit Sharma,DC v MI,DC,MI,MI,1,41,32,4,2,128.12,FALSE
BS0015,M002,TP0128,Ishan Kishan,DC v MI,DC,MI,MI,1,81,48,11,2,168.75,TRUE
BS0016,M002,TP0120,Anmolpreet Singh,DC v MI,DC,MI,MI,1,8,9,0,0,88.88,FALSE
BS0017,M002,TP0143,Tilak Varma,DC v MI,DC,MI,MI,1,22,15,3,0,146.66,FALSE
BS0018,M002,TP0132,Kieron Pollard,DC v MI,DC,MI,MI,1,3,6,0,0,50,FALSE
BS0019,M002,TP0144,Tim David,DC v MI,DC,MI,MI,1,12,8,0,1,150,FALSE
BS0020,M002,TP0124,Daniel Sams,DC v MI,DC,MI,MI,1,7,2,0,1,350,TRUE
BS0021,M002,TP0039,Prithvi Shaw,DC v MI,DC,MI,DC,2,38,24,4,2,158.33,FALSE
BS0022,M002,TP0046,Tim Seifert,DC v MI,DC,MI,DC,2,21,14,4,0,150,FALSE
BS0023,M002,TP0035,Mandeep Singh,DC v MI,DC,MI,DC,2,0,2,0,0,0,FALSE
BS0024,M002,TP0041,Rishabh Pant,DC v MI,DC,MI,DC,2,1,2,0,0,50,FALSE
BS0025,M002,TP0033,Lalit Yadav,DC v MI,DC,MI,DC,2,48,38,4,2,126.31,TRUE
BS0026,M002,TP0042,Rovman Powell,DC v MI,DC,MI,DC,2,0,2,0,0,0,FALSE
BS0027,M002,TP0044,Shardul Thakur,DC v MI,DC,MI,DC,2,22,11,4,0,200,FALSE
BS0028,M002,TP0241,Axar Patel,DC v MI,DC,MI,DC,2,38,17,2,3,223.52,TRUE
BS0029,M003,TP0202,Faf du Plessis,PK v RCB,PK,RCB,RCB,1,88,57,3,7,154.38,FALSE
BS0030,M003,TP0198,Anuj Rawat,PK v RCB,PK,RCB,RCB,1,21,20,2,1,105,FALSE
BS0031,M003,TP0216,Virat Kohli,PK v RCB,PK,RCB,RCB,1,41,29,1,2,141.37,TRUE
BS0032,M003,TP0201,Dinesh Karthik,PK v RCB,PK,RCB,RCB,1,32,14,3,3,228.57,TRUE
BS0033,M003,TP0158,Mayank Agarwal,PK v RCB,PK,RCB,PK,2,32,24,2,2,133.33,FALSE
BS0034,M003,TP0168,Shikhar Dhawan,PK v RCB,PK,RCB,PK,2,43,29,5,1,148.27,FALSE
BS0035,M003,TP0151,Bhanuka Rajapaksa,PK v RCB,PK,RCB,PK,2,43,22,2,4,195.45,FALSE
BS0036,M003,TP0157,Liam Livingstone,PK v RCB,PK,RCB,PK,2,19,10,0,2,190,FALSE
BS0037,M003,TP0164,Raj Angad Bawa,PK v RCB,PK,RCB,PK,2,0,1,0,0,0,FALSE
BS0038,M003,TP0167,Shahrukh Khan,PK v RCB,PK,RCB,PK,2,24,20,1,2,120,TRUE
BS0039,M003,TP0160,Odean Smith,PK v RCB,PK,RCB,PK,2,25,8,1,3,312.5,TRUE
BS0040,M004,TP0109,KL Rahul,GT v LSG,GT,LSG,LSG,1,0,1,0,0,0,FALSE
BS0041,M004,TP0118,Quinton de Kock,GT v LSG,GT,LSG,LSG,1,7,9,1,0,77.77,FALSE
BS0042,M004,TP0106,Evin Lewis,GT v LSG,GT,LSG,LSG,1,10,9,2,0,111.11,FALSE
BS0043,M004,TP0114,Manish Pandey,GT v LSG,GT,LSG,LSG,1,6,5,1,0,120,FALSE
BS0044,M004,TP0104,Deepak Hooda,GT v LSG,GT,LSG,LSG,1,55,41,6,2,134.14,FALSE
BS0045,M004,TP0103,Ayush Badoni,GT v LSG,GT,LSG,LSG,1,54,41,4,3,131.7,FALSE
BS0046,M004,TP0111,Krunal Pandya,GT v LSG,GT,LSG,LSG,1,21,13,3,0,161.53,TRUE
BS0047,M004,TP0105,Dushmanta Chameera,GT v LSG,GT,LSG,LSG,1,1,1,0,0,100,TRUE
BS0048,M004,TP0069,Shubman Gill,GT v LSG,GT,LSG,GT,2,0,3,0,0,0,FALSE
BS0049,M004,TP0061,Matthew Wade,GT v LSG,GT,LSG,GT,2,30,29,4,0,103.44,FALSE
BS0050,M004,TP0071,Vijay Shankar,GT v LSG,GT,LSG,GT,2,4,6,0,0,66.66,FALSE
BS0051,M004,TP0056,Hardik Pandya,GT v LSG,GT,LSG,GT,2,33,28,5,1,117.85,FALSE
BS0052,M004,TP0053,David Miller,GT v LSG,GT,LSG,GT,2,30,21,1,2,142.85,FALSE
BS0053,M004,TP0066,Rahul Tewatia,GT v LSG,GT,LSG,GT,2,40,24,5,2,166.66,TRUE
BS0054,M004,TP0049,Abhinav Sadarangani,GT v LSG,GT,LSG,GT,2,15,7,3,0,214.28,TRUE
BS0055,M005,TP0177,Jos Buttler,SRH v RR,SRH,RR,RR,1,35,28,3,3,125,FALSE
BS0056,M005,TP0194,Yashasvi Jaiswal,SRH v RR,SRH,RR,RR,1,20,16,2,1,125,FALSE
BS0057,M005,TP0189,Sanju Samson,SRH v RR,SRH,RR,RR,1,55,27,3,5,203.7,FALSE
BS0058,M005,TP0174,Devdutt Padikkal,SRH v RR,SRH,RR,RR,1,41,29,4,2,141.37,FALSE
BS0059,M005,TP0190,Shimron Hetmyer,SRH v RR,SRH,RR,RR,1,32,13,2,3,246.15,FALSE
BS0060,M005,TP0188,Riyan Parag,SRH v RR,SRH,RR,RR,1,12,9,2,0,133.33,FALSE
BS0061,M005,TP0182,Nathan Coulter Nile,SRH v RR,SRH,RR,RR,1,1,2,0,0,50,TRUE
BS0062,M005,TP0059,Kane Williamson,SRH v RR,SRH,RR,SRH,2,2,7,0,0,28.57,FALSE
BS0063,M005,TP0219,Abhishek Sharma,SRH v RR,SRH,RR,SRH,2,9,19,1,0,47.36,FALSE
BS0064,M005,TP0231,Rahul Tripathi,SRH v RR,SRH,RR,SRH,2,0,3,0,0,0,FALSE
BS0065,M005,TP0228,Nicholas Pooran,SRH v RR,SRH,RR,SRH,2,0,9,0,0,0,FALSE
BS0066,M005,TP0220,Aiden Markram,SRH v RR,SRH,RR,SRH,2,57,41,5,2,139.02,TRUE
BS0067,M005,TP0218,Abdul Samad,SRH v RR,SRH,RR,SRH,2,4,6,0,0,66.66,FALSE
BS0068,M005,TP0232,Romario Shepherd,SRH v RR,SRH,RR,SRH,2,24,18,0,2,133.33,FALSE
BS0069,M005,TP0240,Washington Sundar,SRH v RR,SRH,RR,SRH,2,40,14,5,2,285.71,FALSE
BS0070,M005,TP0221,Bhuvneshwar Kumar,SRH v RR,SRH,RR,SRH,2,3,4,0,0,75,TRUE
BS0071,M006,TP0076,Ajinkya Rahane,RCB v KKR,RCB,KKR,KKR,1,9,10,1,0,90,FALSE
BS0072,M006,TP0099,Venkatesh Iyer,RCB v KKR,RCB,KKR,KKR,1,10,14,1,0,71.42,FALSE
BS0073,M006,TP0094,Shreyas Iyer,RCB v KKR,RCB,KKR,KKR,1,13,10,2,0,130,FALSE
BS0074,M006,TP0085,Nitish Rana,RCB v KKR,RCB,KKR,KKR,1,10,5,1,1,200,FALSE
BS0075,M006,TP0095,Sunil Narine,RCB v KKR,RCB,KKR,KKR,1,12,8,1,1,150,FALSE
BS0076,M006,TP0091,Sam Billings,RCB v KKR,RCB,KKR,KKR,1,14,15,0,1,93.33,FALSE
BS0077,M006,TP0092,Sheldon Jackson,RCB v KKR,RCB,KKR,KKR,1,0,1,0,0,0,FALSE
BS0078,M006,TP0079,Andre Russell,RCB v KKR,RCB,KKR,KKR,1,25,18,1,3,138.88,FALSE
BS0079,M006,TP0096,Tim Southee,RCB v KKR,RCB,KKR,KKR,1,1,5,0,0,20,FALSE
BS0080,M006,TP0097,Umesh Yadav,RCB v KKR,RCB,KKR,KKR,1,18,12,2,1,150,FALSE
BS0081,M006,TP0098,Varun Chakravarty,RCB v KKR,RCB,KKR,KKR,1,10,16,2,0,62.5,TRUE
BS0082,M006,TP0202,Faf du Plessis,RCB v KKR,RCB,KKR,RCB,2,5,4,1,0,125,FALSE
BS0083,M006,TP0198,Anuj Rawat,RCB v KKR,RCB,KKR,RCB,2,0,2,0,0,0,FALSE
BS0084,M006,TP0216,Virat Kohli,RCB v KKR,RCB,KKR,RCB,2,12,7,2,0,171.42,FALSE
BS0085,M006,TP0200,David Willey,RCB v KKR,RCB,KKR,RCB,2,18,28,3,0,64.28,FALSE
BS0086,M006,TP0213,Sherfane Rutherford,RCB v KKR,RCB,KKR,RCB,2,28,40,1,1,70,FALSE
BS0087,M006,TP0212,Shahbaz Ahamad,RCB v KKR,RCB,KKR,RCB,2,27,20,0,3,135,FALSE
BS0088,M006,TP0201,Dinesh Karthik,RCB v KKR,RCB,KKR,RCB,2,14,7,1,1,200,TRUE
BS0089,M006,TP0217,Wanindu Hasaranga,RCB v KKR,RCB,KKR,RCB,2,4,3,1,0,133.33,FALSE
BS0090,M006,TP0205,Harshal Patel,RCB v KKR,RCB,KKR,RCB,2,10,6,2,0,166.66,TRUE
BS0091,M007,TP0019,Robin Uthappa,LSG v CSK,LSG,CSK,CSK,1,50,27,8,1,185.18,FALSE
BS0092,M007,TP0020,Ruturaj Gaikwad,LSG v CSK,LSG,CSK,CSK,1,1,4,0,0,25,FALSE
BS0093,M007,TP0242,Moeen Ali,LSG v CSK,LSG,CSK,CSK,1,35,22,4,2,159.09,FALSE
BS0094,M007,TP0021,Shivam Dube,LSG v CSK,LSG,CSK,CSK,1,49,30,5,2,163.33,FALSE
BS0095,M007,TP0002,Ambati Rayudu,LSG v CSK,LSG,CSK,CSK,1,27,20,2,2,135,FALSE
BS0096,M007,TP0018,Ravindra Jadeja,LSG v CSK,LSG,CSK,CSK,1,17,9,3,0,188.88,FALSE
BS0097,M007,TP0013,MS Dhoni,LSG v CSK,LSG,CSK,CSK,1,16,6,2,1,266.66,TRUE
BS0098,M007,TP0007,Dwaine Pretorius,LSG v CSK,LSG,CSK,CSK,1,0,1,0,0,0,FALSE
BS0099,M007,TP0008,Dwayne Bravo,LSG v CSK,LSG,CSK,CSK,1,1,1,0,0,100,TRUE
BS0100,M007,TP0109,KL Rahul,LSG v CSK,LSG,CSK,LSG,2,40,26,2,3,153.84,FALSE
BS0101,M007,TP0118,Quinton de Kock,LSG v CSK,LSG,CSK,LSG,2,61,45,9,0,135.55,FALSE
BS0102,M007,TP0114,Manish Pandey,LSG v CSK,LSG,CSK,LSG,2,5,6,0,0,83.33,FALSE
BS0103,M007,TP0106,Evin Lewis,LSG v CSK,LSG,CSK,LSG,2,55,23,6,3,239.13,TRUE
BS0104,M007,TP0104,Deepak Hooda,LSG v CSK,LSG,CSK,LSG,2,13,8,1,1,162.5,FALSE
BS0105,M007,TP0103,Ayush Badoni,LSG v CSK,LSG,CSK,LSG,2,19,9,0,2,211.11,TRUE
BS0106,M008,TP0158,Mayank Agarwal,KKR v PK,KKR,PK,PK,1,1,5,0,0,20,FALSE
BS0107,M008,TP0168,Shikhar Dhawan,KKR v PK,KKR,PK,PK,1,16,15,1,1,106.66,FALSE
BS0108,M008,TP0151,Bhanuka Rajapaksa,KKR v PK,KKR,PK,PK,1,31,9,3,3,344.44,FALSE
BS0109,M008,TP0157,Liam Livingstone,KKR v PK,KKR,PK,PK,1,19,16,1,1,118.75,FALSE
BS0110,M008,TP0164,Raj Angad Bawa,KKR v PK,KKR,PK,PK,1,11,13,1,0,84.61,FALSE
BS0111,M008,TP0167,Shahrukh Khan,KKR v PK,KKR,PK,PK,1,0,5,0,0,0,FALSE
BS0112,M008,TP0152,Harpreet Brar,KKR v PK,KKR,PK,PK,1,14,18,1,1,77.77,FALSE
BS0113,M008,TP0160,Odean Smith,KKR v PK,KKR,PK,PK,1,9,12,0,1,75,TRUE
BS0114,M008,TP0163,Rahul Chahar,KKR v PK,KKR,PK,PK,1,0,2,0,0,0,FALSE
BS0115,M008,TP0156,Kagiso Rabada,KKR v PK,KKR,PK,PK,1,25,16,4,1,156.25,FALSE
BS0116,M008,TP0147,Arshdeep Singh,KKR v PK,KKR,PK,PK,1,0,1,0,0,0,FALSE
BS0117,M008,TP0076,Ajinkya Rahane,KKR v PK,KKR,PK,KKR,2,12,11,3,0,109.09,FALSE
BS0118,M008,TP0099,Venkatesh Iyer,KKR v PK,KKR,PK,KKR,2,3,7,0,0,42.85,FALSE
BS0119,M008,TP0094,Shreyas Iyer,KKR v PK,KKR,PK,KKR,2,26,15,5,0,173.33,FALSE
BS0120,M008,TP0091,Sam Billings,KKR v PK,KKR,PK,KKR,2,24,23,1,1,104.34,TRUE
BS0121,M008,TP0085,Nitish Rana,KKR v PK,KKR,PK,KKR,2,0,2,0,0,0,FALSE
BS0122,M008,TP0079,Andre Russell,KKR v PK,KKR,PK,KKR,2,70,31,2,8,225.8,TRUE
BS0123,M009,TP0177,Jos Buttler,MI v RR,MI,RR,RR,1,100,68,11,5,147.05,FALSE
BS0124,M009,TP0194,Yashasvi Jaiswal,MI v RR,MI,RR,RR,1,1,2,0,0,50,FALSE
BS0125,M009,TP0174,Devdutt Padikkal,MI v RR,MI,RR,RR,1,7,7,1,0,100,FALSE
BS0126,M009,TP0189,Sanju Samson,MI v RR,MI,RR,RR,1,30,21,1,3,142.85,FALSE
BS0127,M009,TP0190,Shimron Hetmyer,MI v RR,MI,RR,RR,1,35,14,3,3,250,FALSE
BS0128,M009,TP0188,Riyan Parag,MI v RR,MI,RR,RR,1,5,4,1,0,125,FALSE
BS0129,M009,TP0186,R Ashwin,MI v RR,MI,RR,RR,1,1,1,0,0,100,FALSE
BS0130,M009,TP0183,Navdeep Saini,MI v RR,MI,RR,RR,1,2,2,0,0,100,FALSE
BS0131,M009,TP0193,Trent Boult,MI v RR,MI,RR,RR,1,1,1,0,0,100,TRUE
BS0132,M009,TP0128,Ishan Kishan,MI v RR,MI,RR,MI,2,54,43,5,1,125.58,FALSE
BS0133,M009,TP0140,Rohit Sharma,MI v RR,MI,RR,MI,2,10,5,0,1,200,FALSE
BS0134,M009,TP0120,Anmolpreet Singh,MI v RR,MI,RR,MI,2,5,4,1,0,125,FALSE
BS0135,M009,TP0143,Tilak Varma,MI v RR,MI,RR,MI,2,61,33,3,5,184.84,FALSE
BS0136,M009,TP0132,Kieron Pollard,MI v RR,MI,RR,MI,2,22,24,3,1,91.66,FALSE
BS0137,M009,TP0144,Tim David,MI v RR,MI,RR,MI,2,1,3,0,0,33.33,FALSE
BS0138,M009,TP0124,Daniel Sams,MI v RR,MI,RR,MI,2,0,1,0,0,0,FALSE
BS0139,M009,TP0135,Murugan Ashwin,MI v RR,MI,RR,MI,2,6,8,1,0,75,FALSE
BS0140,M009,TP0129,Jasprit Bumrah,MI v RR,MI,RR,MI,2,0,1,0,0,0,TRUE
BS0141,M010,TP0061,Matthew Wade,GT v DC,GT,DC,GT,1,1,2,0,0,50,FALSE
BS0142,M010,TP0069,Shubman Gill,GT v DC,GT,DC,GT,1,84,46,6,4,182.6,FALSE
BS0143,M010,TP0071,Vijay Shankar,GT v DC,GT,DC,GT,1,13,20,1,0,65,FALSE
BS0144,M010,TP0056,Hardik Pandya,GT v DC,GT,DC,GT,1,31,27,4,0,114.81,FALSE
BS0145,M010,TP0053,David Miller,GT v DC,GT,DC,GT,1,20,15,2,0,133.33,TRUE
BS0146,M010,TP0066,Rahul Tewatia,GT v DC,GT,DC,GT,1,14,8,1,1,175,FALSE
BS0147,M010,TP0049,Abhinav Sadarangani,GT v DC,GT,DC,GT,1,1,2,0,0,50,FALSE
BS0148,M010,TP0067,Rashid Khan,GT v DC,GT,DC,GT,1,0,1,0,0,0,TRUE
BS0149,M010,TP0039,Prithvi Shaw,GT v DC,GT,DC,DC,2,10,7,1,0,142.85,FALSE
BS0150,M010,TP0046,Tim Seifert,GT v DC,GT,DC,DC,2,3,5,0,0,60,FALSE
BS0151,M010,TP0035,Mandeep Singh,GT v DC,GT,DC,DC,2,18,16,4,0,112.5,FALSE
BS0152,M010,TP0041,Rishabh Pant,GT v DC,GT,DC,DC,2,43,29,7,0,148.27,FALSE
BS0153,M010,TP0033,Lalit Yadav,GT v DC,GT,DC,DC,2,25,22,2,1,113.63,FALSE
BS0154,M010,TP0042,Rovman Powell,GT v DC,GT,DC,DC,2,20,12,2,1,166.66,FALSE
BS0155,M010,TP0241,Axar Patel,GT v DC,GT,DC,DC,2,8,4,2,0,200,FALSE
BS0156,M010,TP0044,Shardul Thakur,GT v DC,GT,DC,DC,2,2,5,0,0,40,FALSE
BS0157,M010,TP0032,Kuldeep Yadav,GT v DC,GT,DC,DC,2,14,14,0,1,100,TRUE
BS0158,M010,TP0031,Khaleel Ahmed,GT v DC,GT,DC,DC,2,0,1,0,0,0,FALSE
BS0159,M010,TP0037,Mustafizur Rahman,GT v DC,GT,DC,DC,2,3,5,0,0,60,TRUE
BS0160,M011,TP0158,Mayank Agarwal,CSK v PK,CSK,PK,PK,1,4,2,1,0,200,FALSE
BS0161,M011,TP0168,Shikhar Dhawan,CSK v PK,CSK,PK,PK,1,33,24,4,1,137.5,FALSE
BS0162,M011,TP0151,Bhanuka Rajapaksa,CSK v PK,CSK,PK,PK,1,9,5,0,1,180,FALSE
BS0163,M011,TP0157,Liam Livingstone,CSK v PK,CSK,PK,PK,1,60,32,5,5,187.5,FALSE
BS0164,M011,TP0154,Jitesh Sharma,CSK v PK,CSK,PK,PK,1,26,17,0,3,152.94,FALSE
BS0165,M011,TP0167,Shahrukh Khan,CSK v PK,CSK,PK,PK,1,6,11,0,0,54.54,FALSE
BS0166,M011,TP0160,Odean Smith,CSK v PK,CSK,PK,PK,1,3,7,0,0,42.85,FALSE
BS0167,M011,TP0156,Kagiso Rabada,CSK v PK,CSK,PK,PK,1,12,12,1,0,100,TRUE
BS0168,M011,TP0163,Rahul Chahar,CSK v PK,CSK,PK,PK,1,12,8,1,1,150,FALSE
BS0169,M011,TP0169,Vaibhav Arora,CSK v PK,CSK,PK,PK,1,1,2,0,0,50,TRUE
BS0170,M011,TP0019,Robin Uthappa,CSK v PK,CSK,PK,CSK,2,13,10,2,0,130,FALSE
BS0171,M011,TP0020,Ruturaj Gaikwad,CSK v PK,CSK,PK,CSK,2,1,4,0,0,25,FALSE
BS0172,M011,TP0242,Moeen Ali,CSK v PK,CSK,PK,CSK,2,0,2,0,0,0,FALSE
BS0173,M011,TP0002,Ambati Rayudu,CSK v PK,CSK,PK,CSK,2,13,21,2,0,61.9,FALSE
BS0174,M011,TP0018,Ravindra Jadeja,CSK v PK,CSK,PK,CSK,2,0,3,0,0,0,FALSE
BS0175,M011,TP0021,Shivam Dube,CSK v PK,CSK,PK,CSK,2,57,30,6,3,190,FALSE
BS0176,M011,TP0013,MS Dhoni,CSK v PK,CSK,PK,CSK,2,23,28,1,1,82.14,FALSE
BS0177,M011,TP0008,Dwayne Bravo,CSK v PK,CSK,PK,CSK,2,0,1,0,0,0,FALSE
BS0178,M011,TP0007,Dwaine Pretorius,CSK v PK,CSK,PK,CSK,2,8,4,0,1,200,FALSE
BS0179,M011,TP0004,Chris Jordan,CSK v PK,CSK,PK,CSK,2,5,5,0,0,100,FALSE
BS0180,M011,TP0014,Mukesh Choudhary,CSK v PK,CSK,PK,CSK,2,2,2,0,0,100,TRUE
BS0181,M012,TP0109,KL Rahul,SRH v LSG,SRH,LSG,LSG,1,68,50,6,1,136,FALSE
BS0182,M012,TP0118,Quinton de Kock,SRH v LSG,SRH,LSG,LSG,1,1,4,0,0,25,FALSE
BS0183,M012,TP0106,Evin Lewis,SRH v LSG,SRH,LSG,LSG,1,1,5,0,0,20,FALSE
BS0184,M012,TP0114,Manish Pandey,SRH v LSG,SRH,LSG,LSG,1,11,10,1,1,110,FALSE
BS0185,M012,TP0104,Deepak Hooda,SRH v LSG,SRH,LSG,LSG,1,51,33,3,3,154.54,FALSE
BS0186,M012,TP0103,Ayush Badoni,SRH v LSG,SRH,LSG,LSG,1,19,12,3,0,158.33,FALSE
BS0187,M012,TP0111,Krunal Pandya,SRH v LSG,SRH,LSG,LSG,1,6,3,1,0,200,FALSE
BS0188,M012,TP0107,Jason Holder,SRH v LSG,SRH,LSG,LSG,1,8,3,0,1,266.66,TRUE
BS0189,M012,TP0219,Abhishek Sharma,SRH v LSG,SRH,LSG,SRH,2,13,11,2,0,118.18,FALSE
BS0190,M012,TP0059,Kane Williamson,SRH v LSG,SRH,LSG,SRH,2,16,16,1,1,100,FALSE
BS0191,M012,TP0231,Rahul Tripathi,SRH v LSG,SRH,LSG,SRH,2,44,30,5,1,146.66,FALSE
BS0192,M012,TP0220,Aiden Markram,SRH v LSG,SRH,LSG,SRH,2,12,14,0,0,85.71,FALSE
BS0193,M012,TP0228,Nicholas Pooran,SRH v LSG,SRH,LSG,SRH,2,34,24,3,2,141.66,FALSE
BS0194,M012,TP0240,Washington Sundar,SRH v LSG,SRH,LSG,SRH,2,18,14,1,0,128.57,FALSE
BS0195,M012,TP0218,Abdul Samad,SRH v LSG,SRH,LSG,SRH,2,0,1,0,0,0,FALSE
BS0196,M012,TP0232,Romario Shepherd,SRH v LSG,SRH,LSG,SRH,2,8,8,0,1,100,FALSE
BS0197,M012,TP0221,Bhuvneshwar Kumar,SRH v LSG,SRH,LSG,SRH,2,1,2,0,0,50,FALSE
BS0198,M012,TP0238,Umran Malik,SRH v LSG,SRH,LSG,SRH,2,1,1,0,0,100,TRUE
BS0199,M013,TP0177,Jos Buttler,RR v RCB,RR,RCB,RR,1,70,47,0,6,148.93,TRUE
BS0200,M013,TP0194,Yashasvi Jaiswal,RR v RCB,RR,RCB,RR,1,4,6,0,0,66.66,FALSE
BS0201,M013,TP0174,Devdutt Padikkal,RR v RCB,RR,RCB,RR,1,37,29,2,2,127.58,FALSE
BS0202,M013,TP0189,Sanju Samson,RR v RCB,RR,RCB,RR,1,8,8,0,1,100,FALSE
BS0203,M013,TP0190,Shimron Hetmyer,RR v RCB,RR,RCB,RR,1,42,31,4,2,135.48,TRUE
BS0204,M013,TP0202,Faf du Plessis,RR v RCB,RR,RCB,RCB,2,29,20,5,0,145,FALSE
BS0205,M013,TP0198,Anuj Rawat,RR v RCB,RR,RCB,RCB,2,26,25,4,0,104,FALSE
BS0206,M013,TP0216,Virat Kohli,RR v RCB,RR,RCB,RCB,2,5,6,0,0,83.33,FALSE
BS0207,M013,TP0200,David Willey,RR v RCB,RR,RCB,RCB,2,0,2,0,0,0,FALSE
BS0208,M013,TP0213,Sherfane Rutherford,RR v RCB,RR,RCB,RCB,2,5,10,0,0,50,FALSE
BS0209,M013,TP0212,Shahbaz Ahamad,RR v RCB,RR,RCB,RCB,2,45,26,4,3,173.07,FALSE
BS0210,M013,TP0201,Dinesh Karthik,RR v RCB,RR,RCB,RCB,2,44,23,7,1,191.3,TRUE
BS0211,M013,TP0205,Harshal Patel,RR v RCB,RR,RCB,RCB,2,9,4,0,1,225,TRUE
BS0212,M014,TP0140,Rohit Sharma,KKR v MI,KKR,MI,MI,1,3,12,0,0,25,FALSE
BS0213,M014,TP0128,Ishan Kishan,KKR v MI,KKR,MI,MI,1,14,21,1,0,66.66,FALSE
BS0214,M014,TP0125,Dewald Brevis,KKR v MI,KKR,MI,MI,1,29,19,2,2,152.63,FALSE
BS0215,M014,TP0142,Suryakumar Yadav,KKR v MI,KKR,MI,MI,1,52,36,5,2,144.44,FALSE
BS0216,M014,TP0143,Tilak Varma,KKR v MI,KKR,MI,MI,1,38,27,3,2,140.74,TRUE
BS0217,M014,TP0132,Kieron Pollard,KKR v MI,KKR,MI,MI,1,22,5,0,3,440,TRUE
BS0218,M014,TP0076,Ajinkya Rahane,KKR v MI,KKR,MI,KKR,2,7,11,0,0,63.63,FALSE
BS0219,M014,TP0099,Venkatesh Iyer,KKR v MI,KKR,MI,KKR,2,50,41,6,1,121.95,TRUE
BS0220,M014,TP0094,Shreyas Iyer,KKR v MI,KKR,MI,KKR,2,10,6,2,0,166.66,FALSE
BS0221,M014,TP0091,Sam Billings,KKR v MI,KKR,MI,KKR,2,17,12,0,2,141.66,FALSE
BS0222,M014,TP0085,Nitish Rana,KKR v MI,KKR,MI,KKR,2,8,7,0,1,114.28,FALSE
BS0223,M014,TP0079,Andre Russell,KKR v MI,KKR,MI,KKR,2,11,5,1,1,220,FALSE
BS0224,M014,TP0086,Pat Cummins,KKR v MI,KKR,MI,KKR,2,56,15,4,6,373.33,TRUE
BS0225,M015,TP0039,Prithvi Shaw,LSG v DC,LSG,DC,DC,1,61,34,9,2,179.41,FALSE
BS0226,M015,TP0028,David Warner,LSG v DC,LSG,DC,DC,1,4,12,0,0,33.33,FALSE
BS0227,M015,TP0042,Rovman Powell,LSG v DC,LSG,DC,DC,1,3,10,0,0,30,FALSE
BS0228,M015,TP0041,Rishabh Pant,LSG v DC,LSG,DC,DC,1,39,36,3,2,108.33,TRUE
BS0229,M015,TP0043,Sarfaraz Khan,LSG v DC,LSG,DC,DC,1,36,28,3,0,128.57,TRUE
BS0230,M015,TP0109,KL Rahul,LSG v DC,LSG,DC,LSG,2,24,25,1,1,96,FALSE
BS0231,M015,TP0118,Quinton de Kock,LSG v DC,LSG,DC,LSG,2,80,52,9,2,153.84,FALSE
BS0232,M015,TP0106,Evin Lewis,LSG v DC,LSG,DC,LSG,2,5,13,0,0,38.46,FALSE
BS0233,M015,TP0104,Deepak Hooda,LSG v DC,LSG,DC,LSG,2,11,13,0,0,84.61,FALSE
BS0234,M015,TP0111,Krunal Pandya,LSG v DC,LSG,DC,LSG,2,19,14,0,1,135.71,TRUE
BS0235,M015,TP0103,Ayush Badoni,LSG v DC,LSG,DC,LSG,2,10,3,1,1,333.33,TRUE
BS0236,M016,TP0158,Mayank Agarwal,PK v GT,PK,GT,PK,1,5,9,1,0,55.55,FALSE
BS0237,M016,TP0168,Shikhar Dhawan,PK v GT,PK,GT,PK,1,35,30,4,0,116.66,FALSE
BS0238,M016,TP0155,Jonny Bairstow,PK v GT,PK,GT,PK,1,8,8,2,0,100,FALSE
BS0239,M016,TP0157,Liam Livingstone,PK v GT,PK,GT,PK,1,64,27,7,4,237.03,FALSE
BS0240,M016,TP0154,Jitesh Sharma,PK v GT,PK,GT,PK,1,23,11,1,2,209.09,FALSE
BS0241,M016,TP0160,Odean Smith,PK v GT,PK,GT,PK,1,0,1,0,0,0,FALSE
BS0242,M016,TP0167,Shahrukh Khan,PK v GT,PK,GT,PK,1,15,8,0,2,187.5,FALSE
BS0243,M016,TP0156,Kagiso Rabada,PK v GT,PK,GT,PK,1,1,1,0,0,100,FALSE
BS0244,M016,TP0163,Rahul Chahar,PK v GT,PK,GT,PK,1,22,14,2,1,157.14,TRUE
BS0245,M016,TP0169,Vaibhav Arora,PK v GT,PK,GT,PK,1,2,6,0,0,33.33,FALSE
BS0246,M016,TP0147,Arshdeep Singh,PK v GT,PK,GT,PK,1,10,5,1,0,200,TRUE
BS0247,M016,TP0061,Matthew Wade,PK v GT,PK,GT,GT,2,6,7,1,0,85.71,FALSE
BS0248,M016,TP0069,Shubman Gill,PK v GT,PK,GT,GT,2,96,59,11,1,162.71,FALSE
BS0249,M016,TP0068,Sai Sudarshan,PK v GT,PK,GT,GT,2,35,30,4,1,116.66,FALSE
BS0250,M016,TP0056,Hardik Pandya,PK v GT,PK,GT,GT,2,27,18,5,0,150,FALSE
BS0251,M016,TP0053,David Miller,PK v GT,PK,GT,GT,2,6,4,1,0,150,TRUE
BS0252,M016,TP0066,Rahul Tewatia,PK v GT,PK,GT,GT,2,13,3,0,2,433.33,TRUE
BS0253,M017,TP0019,Robin Uthappa,CSK v SRH,CSK,SRH,CSK,1,15,11,1,0,136.36,FALSE
BS0254,M017,TP0020,Ruturaj Gaikwad,CSK v SRH,CSK,SRH,CSK,1,16,13,3,0,123.07,FALSE
BS0255,M017,TP0242,Moeen Ali,CSK v SRH,CSK,SRH,CSK,1,48,35,3,2,137.14,FALSE
BS0256,M017,TP0002,Ambati Rayudu,CSK v SRH,CSK,SRH,CSK,1,27,27,4,0,100,FALSE
BS0257,M017,TP0021,Shivam Dube,CSK v SRH,CSK,SRH,CSK,1,3,5,0,0,60,FALSE
BS0258,M017,TP0018,Ravindra Jadeja,CSK v SRH,CSK,SRH,CSK,1,23,15,2,1,153.33,FALSE
BS0259,M017,TP0013,MS Dhoni,CSK v SRH,CSK,SRH,CSK,1,3,6,0,0,50,FALSE
BS0260,M017,TP0008,Dwayne Bravo,CSK v SRH,CSK,SRH,CSK,1,8,5,1,0,160,TRUE
BS0261,M017,TP0004,Chris Jordan,CSK v SRH,CSK,SRH,CSK,1,6,3,0,0,200,TRUE
BS0262,M017,TP0219,Abhishek Sharma,CSK v SRH,CSK,SRH,SRH,2,75,50,5,3,150,FALSE
BS0263,M017,TP0059,Kane Williamson,CSK v SRH,CSK,SRH,SRH,2,32,40,2,1,80,FALSE
BS0264,M017,TP0231,Rahul Tripathi,CSK v SRH,CSK,SRH,SRH,2,39,15,5,2,260,TRUE
BS0265,M017,TP0228,Nicholas Pooran,CSK v SRH,CSK,SRH,SRH,2,5,2,1,0,250,TRUE
BS0266,M018,TP0128,Ishan Kishan,RCB v MI,RCB,MI,MI,1,26,28,3,0,92.85,FALSE
BS0267,M018,TP0140,Rohit Sharma,RCB v MI,RCB,MI,MI,1,26,15,4,1,173.33,FALSE
BS0268,M018,TP0125,Dewald Brevis,RCB v MI,RCB,MI,MI,1,8,11,1,0,72.72,FALSE
BS0269,M018,TP0142,Suryakumar Yadav,RCB v MI,RCB,MI,MI,1,68,37,5,6,183.78,TRUE
BS0270,M018,TP0143,Tilak Varma,RCB v MI,RCB,MI,MI,1,0,3,0,0,0,FALSE
BS0271,M018,TP0132,Kieron Pollard,RCB v MI,RCB,MI,MI,1,0,1,0,0,0,FALSE
BS0272,M018,TP0138,Ramandeep Singh,RCB v MI,RCB,MI,MI,1,6,12,0,0,50,FALSE
BS0273,M018,TP0130,Jaydev Unadkat,RCB v MI,RCB,MI,MI,1,13,14,1,0,92.85,TRUE
BS0274,M018,TP0202,Faf du Plessis,RCB v MI,RCB,MI,RCB,2,16,24,1,0,66.66,FALSE
BS0275,M018,TP0198,Anuj Rawat,RCB v MI,RCB,MI,RCB,2,66,47,2,6,140.42,FALSE
BS0276,M018,TP0216,Virat Kohli,RCB v MI,RCB,MI,RCB,2,48,36,5,0,133.33,FALSE
BS0277,M018,TP0201,Dinesh Karthik,RCB v MI,RCB,MI,RCB,2,7,2,0,1,350,TRUE
BS0278,M018,TP0204,Glenn Maxwell,RCB v MI,RCB,MI,RCB,2,8,2,2,0,400,TRUE
BS0279,M019,TP0039,Prithvi Shaw,KKR v DC,KKR,DC,DC,1,51,29,7,2,175.86,FALSE
BS0280,M019,TP0028,David Warner,KKR v DC,KKR,DC,DC,1,61,45,6,2,135.55,FALSE
BS0281,M019,TP0041,Rishabh Pant,KKR v DC,KKR,DC,DC,1,27,14,2,2,192.85,FALSE
BS0282,M019,TP0033,Lalit Yadav,KKR v DC,KKR,DC,DC,1,1,4,0,0,25,FALSE
BS0283,M019,TP0042,Rovman Powell,KKR v DC,KKR,DC,DC,1,8,6,0,1,133.33,FALSE
BS0284,M019,TP0241,Axar Patel,KKR v DC,KKR,DC,DC,1,22,14,2,1,157.14,TRUE
BS0285,M019,TP0044,Shardul Thakur,KKR v DC,KKR,DC,DC,1,29,11,1,3,263.63,TRUE
BS0286,M019,TP0076,Ajinkya Rahane,KKR v DC,KKR,DC,KKR,2,8,14,1,0,57.14,FALSE
BS0287,M019,TP0099,Venkatesh Iyer,KKR v DC,KKR,DC,KKR,2,18,8,1,2,225,FALSE
BS0288,M019,TP0094,Shreyas Iyer,KKR v DC,KKR,DC,KKR,2,54,33,5,2,163.63,FALSE
BS0289,M019,TP0085,Nitish Rana,KKR v DC,KKR,DC,KKR,2,30,20,0,3,150,FALSE
BS0290,M019,TP0079,Andre Russell,KKR v DC,KKR,DC,KKR,2,24,21,3,0,114.28,FALSE
BS0291,M019,TP0091,Sam Billings,KKR v DC,KKR,DC,KKR,2,15,9,1,1,166.66,FALSE
BS0292,M019,TP0086,Pat Cummins,KKR v DC,KKR,DC,KKR,2,4,3,1,0,133.33,FALSE
BS0293,M019,TP0095,Sunil Narine,KKR v DC,KKR,DC,KKR,2,4,2,1,0,200,FALSE
BS0294,M019,TP0097,Umesh Yadav,KKR v DC,KKR,DC,KKR,2,0,1,0,0,0,FALSE
BS0295,M019,TP0089,Rasikh Salam,KKR v DC,KKR,DC,KKR,2,7,6,1,0,116.66,FALSE
BS0296,M019,TP0098,Varun Chakravarty,KKR v DC,KKR,DC,KKR,2,1,1,0,0,100,TRUE
BS0297,M020,TP0177,Jos Buttler,RR v LSG,RR,LSG,RR,1,13,11,1,1,118.18,FALSE
BS0298,M020,TP0174,Devdutt Padikkal,RR v LSG,RR,LSG,RR,1,29,29,4,0,100,FALSE
BS0299,M020,TP0189,Sanju Samson,RR v LSG,RR,LSG,RR,1,13,12,2,0,108.33,FALSE
BS0300,M020,TP0187,Rassie van der Dussen,RR v LSG,RR,LSG,RR,1,4,4,1,0,100,FALSE
BS0301,M020,TP0190,Shimron Hetmyer,RR v LSG,RR,LSG,RR,1,59,36,1,6,163.88,TRUE
BS0302,M020,TP0186,R Ashwin,RR v LSG,RR,LSG,RR,1,28,23,0,2,121.73,FALSE
BS0303,M020,TP0188,Riyan Parag,RR v LSG,RR,LSG,RR,1,8,4,0,1,200,FALSE
BS0304,M020,TP0193,Trent Boult,RR v LSG,RR,LSG,RR,1,2,1,0,0,200,TRUE
BS0305,M020,TP0109,KL Rahul,RR v LSG,RR,LSG,LSG,2,0,1,0,0,0,FALSE
BS0306,M020,TP0118,Quinton de Kock,RR v LSG,RR,LSG,LSG,2,39,32,2,1,121.87,FALSE
BS0307,M020,TP0108,K Gowtham,RR v LSG,RR,LSG,LSG,2,0,1,0,0,0,FALSE
BS0308,M020,TP0107,Jason Holder,RR v LSG,RR,LSG,LSG,2,8,14,2,0,57.14,FALSE
BS0309,M020,TP0104,Deepak Hooda,RR v LSG,RR,LSG,LSG,2,25,24,3,0,104.16,FALSE
BS0310,M020,TP0103,Ayush Badoni,RR v LSG,RR,LSG,LSG,2,5,7,0,0,71.42,FALSE
BS0311,M020,TP0111,Krunal Pandya,RR v LSG,RR,LSG,LSG,2,22,15,2,0,146.66,FALSE
BS0312,M020,TP0243,Marcus Stoinis,RR v LSG,RR,LSG,LSG,2,38,17,2,4,223.52,TRUE
BS0313,M020,TP0105,Dushmanta Chameera,RR v LSG,RR,LSG,LSG,2,13,7,2,0,185.71,FALSE
BS0314,M020,TP0102,Avesh Khan,RR v LSG,RR,LSG,LSG,2,7,2,0,1,350,TRUE
BS0315,M021,TP0061,Matthew Wade,SRH v GT,SRH,GT,GT,1,19,19,3,0,100,FALSE
BS0316,M021,TP0069,Shubman Gill,SRH v GT,SRH,GT,GT,1,7,9,1,0,77.77,FALSE
BS0317,M021,TP0068,Sai Sudarshan,SRH v GT,SRH,GT,GT,1,11,9,2,0,122.22,FALSE
BS0318,M021,TP0056,Hardik Pandya,SRH v GT,SRH,GT,GT,1,50,42,4,1,119.04,TRUE
BS0319,M021,TP0053,David Miller,SRH v GT,SRH,GT,GT,1,12,15,0,0,80,FALSE
BS0320,M021,TP0049,Abhinav Sadarangani,SRH v GT,SRH,GT,GT,1,35,21,5,1,166.66,FALSE
BS0321,M021,TP0066,Rahul Tewatia,SRH v GT,SRH,GT,GT,1,6,4,1,0,150,FALSE
BS0322,M021,TP0067,Rashid Khan,SRH v GT,SRH,GT,GT,1,0,1,0,0,0,FALSE
BS0323,M021,TP0219,Abhishek Sharma,SRH v GT,SRH,GT,SRH,2,42,32,6,0,131.25,FALSE
BS0324,M021,TP0059,Kane Williamson,SRH v GT,SRH,GT,SRH,2,57,46,2,4,123.91,FALSE
BS0325,M021,TP0231,Rahul Tripathi,SRH v GT,SRH,GT,SRH,2,17,11,1,1,154.54,FALSE
BS0326,M021,TP0228,Nicholas Pooran,SRH v GT,SRH,GT,SRH,2,34,18,2,2,188.88,TRUE
BS0327,M021,TP0220,Aiden Markram,SRH v GT,SRH,GT,SRH,2,12,8,1,0,150,TRUE
BS0328,M022,TP0020,Ruturaj Gaikwad,CSK v RCB,CSK,RCB,CSK,1,17,16,3,0,106.25,FALSE
BS0329,M022,TP0019,Robin Uthappa,CSK v RCB,CSK,RCB,CSK,1,88,50,4,9,176,FALSE
BS0330,M022,TP0242,Moeen Ali,CSK v RCB,CSK,RCB,CSK,1,3,8,0,0,37.5,FALSE
BS0331,M022,TP0021,Shivam Dube,CSK v RCB,CSK,RCB,CSK,1,95,46,5,8,206.52,TRUE
BS0332,M022,TP0018,Ravindra Jadeja,CSK v RCB,CSK,RCB,CSK,1,0,1,0,0,0,FALSE
BS0333,M022,TP0013,MS Dhoni,CSK v RCB,CSK,RCB,CSK,1,0,0,0,0,0,TRUE
BS0334,M022,TP0202,Faf du Plessis,CSK v RCB,CSK,RCB,RCB,2,8,9,0,0,88.88,FALSE
BS0335,M022,TP0198,Anuj Rawat,CSK v RCB,CSK,RCB,RCB,2,12,16,1,0,75,FALSE
BS0336,M022,TP0216,Virat Kohli,CSK v RCB,CSK,RCB,RCB,2,1,3,0,0,33.33,FALSE
BS0337,M022,TP0204,Glenn Maxwell,CSK v RCB,CSK,RCB,RCB,2,26,11,2,2,236.36,FALSE
BS0338,M022,TP0212,Shahbaz Ahamad,CSK v RCB,CSK,RCB,RCB,2,41,27,4,0,151.85,FALSE
BS0339,M022,TP0215,Suyash Prabhudessai,CSK v RCB,CSK,RCB,RCB,2,34,18,5,1,188.88,FALSE
BS0340,M022,TP0201,Dinesh Karthik,CSK v RCB,CSK,RCB,RCB,2,34,14,2,3,242.85,FALSE
BS0341,M022,TP0217,Wanindu Hasaranga,CSK v RCB,CSK,RCB,RCB,2,7,3,0,1,233.33,FALSE
BS0342,M022,TP0196,Akash Deep,CSK v RCB,CSK,RCB,RCB,2,0,2,0,0,0,FALSE
BS0343,M022,TP0211,Mohammed Siraj,CSK v RCB,CSK,RCB,RCB,2,14,11,3,0,127.27,TRUE
BS0344,M022,TP0207,Josh Hazlewood,CSK v RCB,CSK,RCB,RCB,2,7,7,0,0,100,TRUE
BS0345,M023,TP0158,Mayank Agarwal,MI v PK,MI,PK,PK,1,52,32,6,2,162.5,FALSE
BS0346,M023,TP0168,Shikhar Dhawan,MI v PK,MI,PK,PK,1,70,50,5,3,140,FALSE
BS0347,M023,TP0155,Jonny Bairstow,MI v PK,MI,PK,PK,1,12,13,1,0,92.3,FALSE
BS0348,M023,TP0157,Liam Livingstone,MI v PK,MI,PK,PK,1,2,3,0,0,66.66,FALSE
BS0349,M023,TP0154,Jitesh Sharma,MI v PK,MI,PK,PK,1,30,15,2,2,200,TRUE
BS0350,M023,TP0167,Shahrukh Khan,MI v PK,MI,PK,PK,1,15,6,0,2,250,FALSE
BS0351,M023,TP0160,Odean Smith,MI v PK,MI,PK,PK,1,1,1,0,0,100,TRUE
BS0352,M023,TP0140,Rohit Sharma,MI v PK,MI,PK,MI,2,28,17,3,2,164.7,FALSE
BS0353,M023,TP0128,Ishan Kishan,MI v PK,MI,PK,MI,2,3,6,0,0,50,FALSE
BS0354,M023,TP0125,Dewald Brevis,MI v PK,MI,PK,MI,2,49,25,4,5,196,FALSE
BS0355,M023,TP0143,Tilak Varma,MI v PK,MI,PK,MI,2,36,20,3,2,180,FALSE
BS0356,M023,TP0142,Suryakumar Yadav,MI v PK,MI,PK,MI,2,43,30,1,4,143.33,FALSE
BS0357,M023,TP0132,Kieron Pollard,MI v PK,MI,PK,MI,2,10,11,1,0,90.9,FALSE
BS0358,M023,TP0130,Jaydev Unadkat,MI v PK,MI,PK,MI,2,12,7,0,1,171.42,FALSE
BS0359,M023,TP0135,Murugan Ashwin,MI v PK,MI,PK,MI,2,0,2,0,0,0,TRUE
BS0360,M023,TP0129,Jasprit Bumrah,MI v PK,MI,PK,MI,2,0,1,0,0,0,FALSE
BS0361,M023,TP0145,Tymal Mills,MI v PK,MI,PK,MI,2,0,2,0,0,0,FALSE
BS0362,M024,TP0061,Matthew Wade,RR v GT,RR,GT,GT,1,12,6,3,0,200,FALSE
BS0363,M024,TP0069,Shubman Gill,RR v GT,RR,GT,GT,1,13,14,2,0,92.85,FALSE
BS0364,M024,TP0071,Vijay Shankar,RR v GT,RR,GT,GT,1,2,7,0,0,28.57,FALSE
BS0365,M024,TP0056,Hardik Pandya,RR v GT,RR,GT,GT,1,87,52,8,4,167.3,TRUE
BS0366,M024,TP0049,Abhinav Sadarangani,RR v GT,RR,GT,GT,1,43,28,4,2,153.57,FALSE
BS0367,M024,TP0053,David Miller,RR v GT,RR,GT,GT,1,31,14,5,1,221.42,TRUE
BS0368,M024,TP0177,Jos Buttler,RR v GT,RR,GT,RR,2,54,24,8,3,225,FALSE
BS0369,M024,TP0174,Devdutt Padikkal,RR v GT,RR,GT,RR,2,0,1,0,0,0,FALSE
BS0370,M024,TP0186,R Ashwin,RR v GT,RR,GT,RR,2,8,8,0,1,100,FALSE
BS0371,M024,TP0189,Sanju Samson,RR v GT,RR,GT,RR,2,11,11,0,1,100,FALSE
BS0372,M024,TP0187,Rassie van der Dussen,RR v GT,RR,GT,RR,2,6,10,0,0,60,FALSE
BS0373,M024,TP0190,Shimron Hetmyer,RR v GT,RR,GT,RR,2,29,17,2,1,170.58,FALSE
BS0374,M024,TP0188,Riyan Parag,RR v GT,RR,GT,RR,2,18,16,1,1,112.5,FALSE
BS0375,M024,TP0176,James Neesham,RR v GT,RR,GT,RR,2,17,15,1,0,113.33,FALSE
BS0376,M024,TP0185,Prasidh Krishna,RR v GT,RR,GT,RR,2,4,7,0,0,57.14,TRUE
BS0377,M024,TP0195,Yuzvendra Chahal,RR v GT,RR,GT,RR,2,5,8,0,0,62.5,FALSE
BS0378,M024,TP0180,Kuldeep Sen,RR v GT,RR,GT,RR,2,0,3,0,0,0,TRUE
BS0379,M025,TP0099,Venkatesh Iyer,SRH v KKR,SRH,KKR,KKR,1,6,13,1,0,46.15,FALSE
BS0380,M025,TP0074,Aaron Finch,SRH v KKR,SRH,KKR,KKR,1,7,5,0,1,140,FALSE
BS0381,M025,TP0094,Shreyas Iyer,SRH v KKR,SRH,KKR,KKR,1,28,25,3,0,112,FALSE
BS0382,M025,TP0095,Sunil Narine,SRH v KKR,SRH,KKR,KKR,1,6,2,0,1,300,FALSE
BS0383,M025,TP0085,Nitish Rana,SRH v KKR,SRH,KKR,KKR,1,54,36,6,2,150,FALSE
BS0384,M025,TP0092,Sheldon Jackson,SRH v KKR,SRH,KKR,KKR,1,7,7,0,1,100,FALSE
BS0385,M025,TP0079,Andre Russell,SRH v KKR,SRH,KKR,KKR,1,49,25,4,4,196,TRUE
BS0386,M025,TP0086,Pat Cummins,SRH v KKR,SRH,KKR,KKR,1,3,3,0,0,100,FALSE
BS0387,M025,TP0078,Aman Hakim Khan,SRH v KKR,SRH,KKR,KKR,1,5,3,1,0,166.66,FALSE
BS0388,M025,TP0097,Umesh Yadav,SRH v KKR,SRH,KKR,KKR,1,1,1,0,0,100,TRUE
BS0389,M025,TP0219,Abhishek Sharma,SRH v KKR,SRH,KKR,SRH,2,3,10,0,0,30,FALSE
BS0390,M025,TP0059,Kane Williamson,SRH v KKR,SRH,KKR,SRH,2,17,16,3,0,106.25,FALSE
BS0391,M025,TP0231,Rahul Tripathi,SRH v KKR,SRH,KKR,SRH,2,71,37,4,6,191.89,FALSE
BS0392,M025,TP0220,Aiden Markram,SRH v KKR,SRH,KKR,SRH,2,68,36,6,4,188.88,TRUE
BS0393,M025,TP0228,Nicholas Pooran,SRH v KKR,SRH,KKR,SRH,2,5,8,0,0,62.5,TRUE
BS0394,M026,TP0109,KL Rahul,MI v LSG,MI,LSG,LSG,1,103,60,9,5,171.66,TRUE
BS0395,M026,TP0118,Quinton de Kock,MI v LSG,MI,LSG,LSG,1,24,13,4,1,184.61,FALSE
BS0396,M026,TP0114,Manish Pandey,MI v LSG,MI,LSG,LSG,1,38,29,6,0,131.03,FALSE
BS0397,M026,TP0243,Marcus Stoinis,MI v LSG,MI,LSG,LSG,1,10,9,0,1,111.11,FALSE
BS0398,M026,TP0104,Deepak Hooda,MI v LSG,MI,LSG,LSG,1,15,8,1,1,187.5,FALSE
BS0399,M026,TP0111,Krunal Pandya,MI v LSG,MI,LSG,LSG,1,1,1,0,0,100,TRUE
BS0400,M026,TP0128,Ishan Kishan,MI v LSG,MI,LSG,MI,2,13,17,2,0,76.47,FALSE
BS0401,M026,TP0140,Rohit Sharma,MI v LSG,MI,LSG,MI,2,6,7,1,0,85.71,FALSE
BS0402,M026,TP0125,Dewald Brevis,MI v LSG,MI,LSG,MI,2,31,13,6,1,238.46,FALSE
BS0403,M026,TP0142,Suryakumar Yadav,MI v LSG,MI,LSG,MI,2,37,27,3,0,137.03,FALSE
BS0404,M026,TP0143,Tilak Varma,MI v LSG,MI,LSG,MI,2,26,26,2,0,100,FALSE
BS0405,M026,TP0132,Kieron Pollard,MI v LSG,MI,LSG,MI,2,25,14,1,2,178.57,FALSE
BS0406,M026,TP0126,Fabian Allen,MI v LSG,MI,LSG,MI,2,8,7,1,0,114.28,FALSE
BS0407,M026,TP0130,Jaydev Unadkat,MI v LSG,MI,LSG,MI,2,14,6,2,1,233.33,FALSE
BS0408,M026,TP0135,Murugan Ashwin,MI v LSG,MI,LSG,MI,2,6,2,0,1,300,FALSE
BS0409,M026,TP0129,Jasprit Bumrah,MI v LSG,MI,LSG,MI,2,0,0,0,0,0,TRUE
BS0410,M026,TP0145,Tymal Mills,MI v LSG,MI,LSG,MI,2,0,1,0,0,0,TRUE
BS0411,M027,TP0202,Faf du Plessis,DC v RCB,DC,RCB,RCB,1,8,11,2,0,72.72,FALSE
BS0412,M027,TP0198,Anuj Rawat,DC v RCB,DC,RCB,RCB,1,0,1,0,0,0,FALSE
BS0413,M027,TP0216,Virat Kohli,DC v RCB,DC,RCB,RCB,1,12,14,1,0,85.71,FALSE
BS0414,M027,TP0204,Glenn Maxwell,DC v RCB,DC,RCB,RCB,1,55,34,7,2,161.76,FALSE
BS0415,M027,TP0215,Suyash Prabhudessai,DC v RCB,DC,RCB,RCB,1,6,5,1,0,120,FALSE
BS0416,M027,TP0212,Shahbaz Ahamad,DC v RCB,DC,RCB,RCB,1,32,21,3,1,152.38,TRUE
BS0417,M027,TP0201,Dinesh Karthik,DC v RCB,DC,RCB,RCB,1,66,34,5,5,194.11,TRUE
BS0418,M027,TP0039,Prithvi Shaw,DC v RCB,DC,RCB,DC,2,16,13,1,1,123.07,FALSE
BS0419,M027,TP0028,David Warner,DC v RCB,DC,RCB,DC,2,66,38,4,5,173.68,FALSE
BS0420,M027,TP0036,Mitchell Marsh,DC v RCB,DC,RCB,DC,2,14,24,0,0,58.33,FALSE
BS0421,M027,TP0041,Rishabh Pant,DC v RCB,DC,RCB,DC,2,34,17,3,2,200,FALSE
BS0422,M027,TP0042,Rovman Powell,DC v RCB,DC,RCB,DC,2,0,1,0,0,0,FALSE
BS0423,M027,TP0033,Lalit Yadav,DC v RCB,DC,RCB,DC,2,1,4,0,0,25,FALSE
BS0424,M027,TP0044,Shardul Thakur,DC v RCB,DC,RCB,DC,2,17,9,0,2,188.88,FALSE
BS0425,M027,TP0241,Axar Patel,DC v RCB,DC,RCB,DC,2,10,7,1,0,142.85,TRUE
BS0426,M027,TP0032,Kuldeep Yadav,DC v RCB,DC,RCB,DC,2,10,7,2,0,142.85,TRUE
BS0427,M028,TP0168,Shikhar Dhawan,PK v SRH,PK,SRH,PK,1,8,11,1,0,72.72,FALSE
BS0428,M028,TP0161,Prabhsimran Singh,PK v SRH,PK,SRH,PK,1,14,11,2,0,127.27,FALSE
BS0429,M028,TP0155,Jonny Bairstow,PK v SRH,PK,SRH,PK,1,12,10,2,0,120,FALSE
BS0430,M028,TP0157,Liam Livingstone,PK v SRH,PK,SRH,PK,1,60,33,5,4,181.81,FALSE
BS0431,M028,TP0154,Jitesh Sharma,PK v SRH,PK,SRH,PK,1,11,8,2,0,137.5,FALSE
BS0432,M028,TP0167,Shahrukh Khan,PK v SRH,PK,SRH,PK,1,26,28,1,2,92.85,FALSE
BS0433,M028,TP0160,Odean Smith,PK v SRH,PK,SRH,PK,1,13,15,0,1,86.66,FALSE
BS0434,M028,TP0156,Kagiso Rabada,PK v SRH,PK,SRH,PK,1,0,0,0,0,0,TRUE
BS0435,M028,TP0163,Rahul Chahar,PK v SRH,PK,SRH,PK,1,0,2,0,0,0,FALSE
BS0436,M028,TP0169,Vaibhav Arora,PK v SRH,PK,SRH,PK,1,0,1,0,0,0,FALSE
BS0437,M028,TP0147,Arshdeep Singh,PK v SRH,PK,SRH,PK,1,0,1,0,0,0,FALSE
BS0438,M028,TP0219,Abhishek Sharma,PK v SRH,PK,SRH,SRH,2,31,25,3,1,124,FALSE
BS0439,M028,TP0059,Kane Williamson,PK v SRH,PK,SRH,SRH,2,3,9,0,0,33.33,FALSE
BS0440,M028,TP0231,Rahul Tripathi,PK v SRH,PK,SRH,SRH,2,34,22,4,1,154.54,FALSE
BS0441,M028,TP0220,Aiden Markram,PK v SRH,PK,SRH,SRH,2,41,27,4,1,151.85,TRUE
BS0442,M028,TP0228,Nicholas Pooran,PK v SRH,PK,SRH,SRH,2,35,30,1,1,116.66,TRUE
BS0443,M029,TP0020,Ruturaj Gaikwad,GT v CSK,GT,CSK,CSK,1,73,48,5,5,152.08,FALSE
BS0444,M029,TP0019,Robin Uthappa,GT v CSK,GT,CSK,CSK,1,3,10,0,0,30,FALSE
BS0445,M029,TP0242,Moeen Ali,GT v CSK,GT,CSK,CSK,1,1,3,0,0,33.33,FALSE
BS0446,M029,TP0002,Ambati Rayudu,GT v CSK,GT,CSK,CSK,1,46,31,4,2,148.38,FALSE
BS0447,M029,TP0021,Shivam Dube,GT v CSK,GT,CSK,CSK,1,19,17,2,0,111.76,FALSE
BS0448,M029,TP0018,Ravindra Jadeja,GT v CSK,GT,CSK,CSK,1,22,12,0,2,183.33,TRUE
BS0449,M029,TP0072,Wriddhiman Saha,GT v CSK,GT,CSK,GT,2,11,18,0,0,61.11,FALSE
BS0450,M029,TP0069,Shubman Gill,GT v CSK,GT,CSK,GT,2,0,1,0,0,0,FALSE
BS0451,M029,TP0071,Vijay Shankar,GT v CSK,GT,CSK,GT,2,0,2,0,0,0,FALSE
BS0452,M029,TP0049,Abhinav Sadarangani,GT v CSK,GT,CSK,GT,2,12,12,2,0,100,FALSE
BS0453,M029,TP0053,David Miller,GT v CSK,GT,CSK,GT,2,94,51,8,6,184.31,TRUE
BS0454,M029,TP0066,Rahul Tewatia,GT v CSK,GT,CSK,GT,2,6,14,0,0,42.85,FALSE
BS0455,M029,TP0067,Rashid Khan,GT v CSK,GT,CSK,GT,2,40,21,2,3,190.47,FALSE
BS0456,M029,TP0050,Alzarri Joseph,GT v CSK,GT,CSK,GT,2,0,1,0,0,0,FALSE
BS0457,M029,TP0060,Lockie Ferguson,GT v CSK,GT,CSK,GT,2,0,0,0,0,0,TRUE
BS0458,M030,TP0177,Jos Buttler,RR v KKR,RR,KKR,RR,1,103,61,9,5,168.85,FALSE
BS0459,M030,TP0174,Devdutt Padikkal,RR v KKR,RR,KKR,RR,1,24,18,3,1,133.33,FALSE
BS0460,M030,TP0189,Sanju Samson,RR v KKR,RR,KKR,RR,1,38,19,3,2,200,FALSE
BS0461,M030,TP0190,Shimron Hetmyer,RR v KKR,RR,KKR,RR,1,26,13,2,2,200,TRUE
BS0462,M030,TP0188,Riyan Parag,RR v KKR,RR,KKR,RR,1,5,3,1,0,166.66,FALSE
BS0463,M030,TP0179,Karun Nair,RR v KKR,RR,KKR,RR,1,3,5,0,0,60,FALSE
BS0464,M030,TP0186,R Ashwin,RR v KKR,RR,KKR,RR,1,2,2,0,0,100,TRUE
BS0465,M030,TP0074,Aaron Finch,RR v KKR,RR,KKR,KKR,2,58,28,9,2,207.14,FALSE
BS0466,M030,TP0095,Sunil Narine,RR v KKR,RR,KKR,KKR,2,0,0,0,0,0,FALSE
BS0467,M030,TP0094,Shreyas Iyer,RR v KKR,RR,KKR,KKR,2,85,51,7,4,166.66,FALSE
BS0468,M030,TP0085,Nitish Rana,RR v KKR,RR,KKR,KKR,2,18,11,1,1,163.63,FALSE
BS0469,M030,TP0079,Andre Russell,RR v KKR,RR,KKR,KKR,2,0,1,0,0,0,FALSE
BS0470,M030,TP0099,Venkatesh Iyer,RR v KKR,RR,KKR,KKR,2,6,7,0,0,85.71,FALSE
BS0471,M030,TP0092,Sheldon Jackson,RR v KKR,RR,KKR,KKR,2,8,8,0,0,100,FALSE
BS0472,M030,TP0093,Shivam Mavi,RR v KKR,RR,KKR,KKR,2,0,1,0,0,0,FALSE
BS0473,M030,TP0086,Pat Cummins,RR v KKR,RR,KKR,KKR,2,0,1,0,0,0,FALSE
BS0474,M030,TP0097,Umesh Yadav,RR v KKR,RR,KKR,KKR,2,21,9,1,2,233.33,FALSE
BS0475,M030,TP0098,Varun Chakravarty,RR v KKR,RR,KKR,KKR,2,1,1,0,0,100,TRUE
BS0476,M031,TP0198,Anuj Rawat,LSG v RCB,LSG,RCB,RCB,1,4,5,1,0,80,FALSE
BS0477,M031,TP0202,Faf du Plessis,LSG v RCB,LSG,RCB,RCB,1,96,64,11,2,150,FALSE
BS0478,M031,TP0216,Virat Kohli,LSG v RCB,LSG,RCB,RCB,1,0,1,0,0,0,FALSE
BS0479,M031,TP0204,Glenn Maxwell,LSG v RCB,LSG,RCB,RCB,1,23,11,3,1,209.09,FALSE
BS0480,M031,TP0215,Suyash Prabhudessai,LSG v RCB,LSG,RCB,RCB,1,10,9,0,1,111.11,FALSE
BS0481,M031,TP0212,Shahbaz Ahamad,LSG v RCB,LSG,RCB,RCB,1,26,22,1,0,118.18,FALSE
BS0482,M031,TP0201,Dinesh Karthik,LSG v RCB,LSG,RCB,RCB,1,13,8,0,1,162.5,TRUE
BS0483,M031,TP0205,Harshal Patel,LSG v RCB,LSG,RCB,RCB,1,0,1,0,0,0,TRUE
BS0484,M031,TP0118,Quinton de Kock,LSG v RCB,LSG,RCB,LSG,2,3,5,0,0,60,FALSE
BS0485,M031,TP0109,KL Rahul,LSG v RCB,LSG,RCB,LSG,2,30,24,3,1,125,FALSE
BS0486,M031,TP0114,Manish Pandey,LSG v RCB,LSG,RCB,LSG,2,6,8,1,0,75,FALSE
BS0487,M031,TP0111,Krunal Pandya,LSG v RCB,LSG,RCB,LSG,2,42,28,5,2,150,FALSE
BS0488,M031,TP0104,Deepak Hooda,LSG v RCB,LSG,RCB,LSG,2,13,14,1,0,92.85,FALSE
BS0489,M031,TP0103,Ayush Badoni,LSG v RCB,LSG,RCB,LSG,2,13,13,2,0,100,FALSE
BS0490,M031,TP0243,Marcus Stoinis,LSG v RCB,LSG,RCB,LSG,2,24,15,2,1,160,FALSE
BS0491,M031,TP0107,Jason Holder,LSG v RCB,LSG,RCB,LSG,2,16,9,0,2,177.77,FALSE
BS0492,M031,TP0105,Dushmanta Chameera,LSG v RCB,LSG,RCB,LSG,2,1,3,0,0,33.33,TRUE
BS0493,M032,TP0158,Mayank Agarwal,PK v DC,DC,PK,PK,1,24,15,4,0,160,FALSE
BS0494,M032,TP0168,Shikhar Dhawan,PK v DC,DC,PK,PK,1,9,10,1,0,90,FALSE
BS0495,M032,TP0155,Jonny Bairstow,PK v DC,DC,PK,PK,1,9,8,2,0,112.5,FALSE
BS0496,M032,TP0157,Liam Livingstone,PK v DC,DC,PK,PK,1,2,3,0,0,66.66,FALSE
BS0497,M032,TP0154,Jitesh Sharma,PK v DC,DC,PK,PK,1,32,23,5,0,139.13,FALSE
BS0498,M032,TP0167,Shahrukh Khan,PK v DC,DC,PK,PK,1,12,20,0,0,60,FALSE
BS0499,M032,TP0156,Kagiso Rabada,PK v DC,DC,PK,PK,1,2,6,0,0,33.33,FALSE
BS0500,M032,TP0159,Nathan Ellis,PK v DC,DC,PK,PK,1,0,2,0,0,0,FALSE
BS0501,M032,TP0163,Rahul Chahar,PK v DC,DC,PK,PK,1,12,12,1,1,100,FALSE
BS0502,M032,TP0147,Arshdeep Singh,PK v DC,DC,PK,PK,1,9,17,2,0,52.94,FALSE
BS0503,M032,TP0169,Vaibhav Arora,PK v DC,DC,PK,PK,1,2,4,0,0,50,TRUE
BS0504,M032,TP0039,Prithvi Shaw,PK v DC,DC,PK,DC,2,41,20,7,1,205,FALSE
BS0505,M032,TP0028,David Warner,PK v DC,DC,PK,DC,2,60,30,10,1,200,TRUE
BS0506,M032,TP0043,Sarfaraz Khan,PK v DC,DC,PK,DC,2,12,13,1,0,92.3,TRUE
BS0507,M033,TP0140,Rohit Sharma,PK v DC,MI,CSK,MI,1,0,2,0,0,0,FALSE
BS0508,M033,TP0128,Ishan Kishan,MI v CSK,MI,CSK,MI,1,0,1,0,0,0,FALSE
BS0509,M033,TP0125,Dewald Brevis,MI v CSK,MI,CSK,MI,1,4,7,0,0,57.14,FALSE
BS0510,M033,TP0142,Suryakumar Yadav,MI v CSK,MI,CSK,MI,1,32,21,3,1,152.38,FALSE
BS0511,M033,TP0143,Tilak Varma,MI v CSK,MI,CSK,MI,1,51,43,3,2,118.6,TRUE
BS0512,M033,TP0127,Hrithik Shokeen,MI v CSK,MI,CSK,MI,1,25,25,3,0,100,FALSE
BS0513,M033,TP0132,Kieron Pollard,MI v CSK,MI,CSK,MI,1,14,9,1,1,155.55,FALSE
BS0514,M033,TP0124,Daniel Sams,MI v CSK,MI,CSK,MI,1,5,3,1,0,166.66,FALSE
BS0515,M033,TP0130,Jaydev Unadkat,MI v CSK,MI,CSK,MI,1,19,9,1,1,211.11,TRUE
BS0516,M033,TP0020,Ruturaj Gaikwad,MI v CSK,MI,CSK,CSK,2,0,1,0,0,0,FALSE
BS0517,M033,TP0019,Robin Uthappa,MI v CSK,MI,CSK,CSK,2,30,25,2,2,120,FALSE
BS0518,M033,TP0012,Mitchell Santner,MI v CSK,MI,CSK,CSK,2,11,9,2,0,122.22,FALSE
BS0519,M033,TP0002,Ambati Rayudu,MI v CSK,MI,CSK,CSK,2,40,35,2,3,114.28,FALSE
BS0520,M033,TP0021,Shivam Dube,MI v CSK,MI,CSK,CSK,2,13,14,0,1,92.85,FALSE
BS0521,M033,TP0018,Ravindra Jadeja,MI v CSK,MI,CSK,CSK,2,3,8,0,0,37.5,FALSE
BS0522,M033,TP0013,MS Dhoni,MI v CSK,MI,CSK,CSK,2,28,13,3,1,215.38,TRUE
BS0523,M033,TP0007,Dwaine Pretorius,MI v CSK,MI,CSK,CSK,2,22,14,2,1,157.14,FALSE
BS0524,M033,TP0008,Dwayne Bravo,MI v CSK,MI,CSK,CSK,2,1,1,0,0,100,TRUE
BS0525,M034,TP0177,Jos Buttler,DC v RR,DC,RR,RR,1,116,65,9,9,178.46,FALSE
BS0526,M034,TP0174,Devdutt Padikkal,DC v RR,DC,RR,RR,1,54,35,7,2,154.28,FALSE
BS0527,M034,TP0189,Sanju Samson,DC v RR,DC,RR,RR,1,46,19,5,3,242.1,TRUE
BS0528,M034,TP0190,Shimron Hetmyer,DC v RR,DC,RR,RR,1,1,1,0,0,100,TRUE
BS0529,M034,TP0039,Prithvi Shaw,DC v RR,DC,RR,DC,2,37,27,5,1,137.03,FALSE
BS0530,M034,TP0028,David Warner,DC v RR,DC,RR,DC,2,28,14,5,1,200,FALSE
BS0531,M034,TP0043,Sarfaraz Khan,DC v RR,DC,RR,DC,2,1,3,0,0,33.33,FALSE
BS0532,M034,TP0041,Rishabh Pant,DC v RR,DC,RR,DC,2,44,24,4,2,183.33,FALSE
BS0533,M034,TP0033,Lalit Yadav,DC v RR,DC,RR,DC,2,37,24,3,2,154.16,FALSE
BS0534,M034,TP0241,Axar Patel,DC v RR,DC,RR,DC,2,1,4,0,0,25,FALSE
BS0535,M034,TP0044,Shardul Thakur,DC v RR,DC,RR,DC,2,10,7,0,1,142.85,FALSE
BS0536,M034,TP0042,Rovman Powell,DC v RR,DC,RR,DC,2,36,15,0,5,240,FALSE
BS0537,M034,TP0032,Kuldeep Yadav,DC v RR,DC,RR,DC,2,0,3,0,0,0,TRUE
BS0538,M035,TP0072,Wriddhiman Saha,KKR v GT,KKR,GT,GT,1,25,25,2,1,100,FALSE
BS0539,M035,TP0069,Shubman Gill,KKR v GT,KKR,GT,GT,1,7,5,1,0,140,FALSE
BS0540,M035,TP0056,Hardik Pandya,KKR v GT,KKR,GT,GT,1,67,49,4,2,136.73,FALSE
BS0541,M035,TP0053,David Miller,KKR v GT,KKR,GT,GT,1,27,20,1,2,135,FALSE
BS0542,M035,TP0066,Rahul Tewatia,KKR v GT,KKR,GT,GT,1,17,12,2,0,141.66,FALSE
BS0543,M035,TP0067,Rashid Khan,KKR v GT,KKR,GT,GT,1,0,2,0,0,0,FALSE
BS0544,M035,TP0049,Abhinav Sadarangani,KKR v GT,KKR,GT,GT,1,2,4,0,0,50,FALSE
BS0545,M035,TP0060,Lockie Ferguson,KKR v GT,KKR,GT,GT,1,0,1,0,0,0,FALSE
BS0546,M035,TP0050,Alzarri Joseph,KKR v GT,KKR,GT,GT,1,1,1,0,0,100,TRUE
BS0547,M035,TP0073,Yash Dayal,KKR v GT,KKR,GT,GT,1,0,1,0,0,0,FALSE
BS0548,M035,TP0091,Sam Billings,KKR v GT,KKR,GT,KKR,2,4,4,1,0,100,FALSE
BS0549,M035,TP0095,Sunil Narine,KKR v GT,KKR,GT,KKR,2,5,5,1,0,100,FALSE
BS0550,M035,TP0094,Shreyas Iyer,KKR v GT,KKR,GT,KKR,2,12,15,1,1,80,FALSE
BS0551,M035,TP0085,Nitish Rana,KKR v GT,KKR,GT,KKR,2,2,7,0,0,28.57,FALSE
BS0552,M035,TP0090,Rinku Singh,KKR v GT,KKR,GT,KKR,2,35,28,4,1,125,FALSE
BS0553,M035,TP0099,Venkatesh Iyer,KKR v GT,KKR,GT,KKR,2,17,17,2,0,100,FALSE
BS0554,M035,TP0079,Andre Russell,KKR v GT,KKR,GT,KKR,2,48,25,1,6,192,FALSE
BS0555,M035,TP0093,Shivam Mavi,KKR v GT,KKR,GT,KKR,2,2,4,0,0,50,FALSE
BS0556,M035,TP0097,Umesh Yadav,KKR v GT,KKR,GT,KKR,2,15,15,1,1,100,TRUE
BS0557,M035,TP0096,Tim Southee,KKR v GT,KKR,GT,KKR,2,1,1,0,0,100,TRUE
BS0558,M036,TP0202,Faf du Plessis,RCB v SRH,RCB,SRH,RCB,1,5,7,1,0,71.42,FALSE
BS0559,M036,TP0198,Anuj Rawat,RCB v SRH,RCB,SRH,RCB,1,0,2,0,0,0,FALSE
BS0560,M036,TP0216,Virat Kohli,RCB v SRH,RCB,SRH,RCB,1,0,1,0,0,0,FALSE
BS0561,M036,TP0204,Glenn Maxwell,RCB v SRH,RCB,SRH,RCB,1,12,11,2,0,109.09,FALSE
BS0562,M036,TP0215,Suyash Prabhudessai,RCB v SRH,RCB,SRH,RCB,1,15,20,1,0,75,FALSE
BS0563,M036,TP0212,Shahbaz Ahamad,RCB v SRH,RCB,SRH,RCB,1,7,12,1,0,58.33,FALSE
BS0564,M036,TP0201,Dinesh Karthik,RCB v SRH,RCB,SRH,RCB,1,0,3,0,0,0,FALSE
BS0565,M036,TP0205,Harshal Patel,RCB v SRH,RCB,SRH,RCB,1,4,8,0,0,50,FALSE
BS0566,M036,TP0217,Wanindu Hasaranga,RCB v SRH,RCB,SRH,RCB,1,8,19,1,0,42.1,FALSE
BS0567,M036,TP0207,Josh Hazlewood,RCB v SRH,RCB,SRH,RCB,1,3,11,0,0,27.27,TRUE
BS0568,M036,TP0211,Mohammed Siraj,RCB v SRH,RCB,SRH,RCB,1,2,4,0,0,50,FALSE
BS0569,M036,TP0219,Abhishek Sharma,RCB v SRH,RCB,SRH,SRH,2,47,28,8,1,167.85,FALSE
BS0570,M036,TP0059,Kane Williamson,RCB v SRH,RCB,SRH,SRH,2,16,17,2,0,94.11,TRUE
BS0571,M036,TP0231,Rahul Tripathi,RCB v SRH,RCB,SRH,SRH,2,7,3,0,1,233.33,TRUE
BS0572,M037,TP0118,Quinton de Kock,LSG v MI,LSG,MI,LSG,1,10,9,0,1,111.11,FALSE
BS0573,M037,TP0109,KL Rahul,LSG v MI,LSG,MI,LSG,1,103,62,12,4,166.12,TRUE
BS0574,M037,TP0114,Manish Pandey,LSG v MI,LSG,MI,LSG,1,22,22,0,1,100,FALSE
BS0575,M037,TP0243,Marcus Stoinis,LSG v MI,LSG,MI,LSG,1,0,3,0,0,0,FALSE
BS0576,M037,TP0111,Krunal Pandya,LSG v MI,LSG,MI,LSG,1,1,2,0,0,50,FALSE
BS0577,M037,TP0104,Deepak Hooda,LSG v MI,LSG,MI,LSG,1,10,9,1,0,111.11,FALSE
BS0578,M037,TP0103,Ayush Badoni,LSG v MI,LSG,MI,LSG,1,14,11,0,1,127.27,FALSE
BS0579,M037,TP0107,Jason Holder,LSG v MI,LSG,MI,LSG,1,0,2,0,0,0,TRUE
BS0580,M037,TP0128,Ishan Kishan,LSG v MI,LSG,MI,MI,2,8,20,0,0,40,FALSE
BS0581,M037,TP0140,Rohit Sharma,LSG v MI,LSG,MI,MI,2,39,31,5,1,125.8,FALSE
BS0582,M037,TP0125,Dewald Brevis,LSG v MI,LSG,MI,MI,2,3,5,0,0,60,FALSE
BS0583,M037,TP0142,Suryakumar Yadav,LSG v MI,LSG,MI,MI,2,7,7,1,0,100,FALSE
BS0584,M037,TP0143,Tilak Varma,LSG v MI,LSG,MI,MI,2,38,27,2,2,140.74,FALSE
BS0585,M037,TP0132,Kieron Pollard,LSG v MI,LSG,MI,MI,2,19,20,0,1,95,FALSE
BS0586,M037,TP0124,Daniel Sams,LSG v MI,LSG,MI,MI,2,3,7,0,0,42.85,FALSE
BS0587,M037,TP0130,Jaydev Unadkat,LSG v MI,LSG,MI,MI,2,1,1,0,0,100,FALSE
BS0588,M037,TP0127,Hrithik Shokeen,LSG v MI,LSG,MI,MI,2,0,0,0,0,0,TRUE
BS0589,M037,TP0129,Jasprit Bumrah,LSG v MI,LSG,MI,MI,2,0,2,0,0,0,TRUE
BS0590,M038,TP0158,Mayank Agarwal,PK v CSK,PK,CSK,PK,1,18,21,2,0,85.71,FALSE
BS0591,M038,TP0168,Shikhar Dhawan,PK v CSK,PK,CSK,PK,1,88,59,9,2,149.15,TRUE
BS0592,M038,TP0151,Bhanuka Rajapaksa,PK v CSK,PK,CSK,PK,1,42,32,2,2,131.25,FALSE
BS0593,M038,TP0157,Liam Livingstone,PK v CSK,PK,CSK,PK,1,19,7,1,2,271.42,FALSE
BS0594,M038,TP0155,Jonny Bairstow,PK v CSK,PK,CSK,PK,1,6,3,1,0,200,FALSE
BS0595,M038,TP0020,Ruturaj Gaikwad,PK v CSK,PK,CSK,CSK,2,30,27,4,0,111.11,FALSE
BS0596,M038,TP0019,Robin Uthappa,PK v CSK,PK,CSK,CSK,2,1,7,0,0,14.28,FALSE
BS0597,M038,TP0012,Mitchell Santner,PK v CSK,PK,CSK,CSK,2,9,15,1,0,60,FALSE
BS0598,M038,TP0021,Shivam Dube,PK v CSK,PK,CSK,CSK,2,8,7,1,0,114.28,FALSE
BS0599,M038,TP0002,Ambati Rayudu,PK v CSK,PK,CSK,CSK,2,78,39,7,6,200,FALSE
BS0600,M038,TP0018,Ravindra Jadeja,PK v CSK,PK,CSK,CSK,2,21,16,1,1,131.25,TRUE
BS0601,M038,TP0013,MS Dhoni,PK v CSK,PK,CSK,CSK,2,12,8,1,1,150,FALSE
BS0602,M038,TP0007,Dwaine Pretorius,PK v CSK,PK,CSK,CSK,2,1,1,0,0,100,TRUE
BS0603,M039,TP0177,Jos Buttler,RCB v RR,RCB,RR,RR,1,8,9,1,0,88.88,FALSE
BS0604,M039,TP0174,Devdutt Padikkal,RCB v RR,RCB,RR,RR,1,7,7,0,1,100,FALSE
BS0605,M039,TP0186,R Ashwin,RCB v RR,RCB,RR,RR,1,17,9,4,0,188.88,FALSE
BS0606,M039,TP0189,Sanju Samson,RCB v RR,RCB,RR,RR,1,27,21,1,3,128.57,FALSE
BS0607,M039,TP0173,Daryl Mitchell,RCB v RR,RCB,RR,RR,1,16,24,0,0,66.66,FALSE
BS0608,M039,TP0188,Riyan Parag,RCB v RR,RCB,RR,RR,1,56,31,3,4,180.64,TRUE
BS0609,M039,TP0190,Shimron Hetmyer,RCB v RR,RCB,RR,RR,1,3,7,0,0,42.85,FALSE
BS0610,M039,TP0193,Trent Boult,RCB v RR,RCB,RR,RR,1,5,7,0,0,71.42,FALSE
BS0611,M039,TP0185,Prasidh Krishna,RCB v RR,RCB,RR,RR,1,2,5,0,0,40,FALSE
BS0612,M039,TP0195,Yuzvendra Chahal,RCB v RR,RCB,RR,RR,1,0,0,0,0,0,TRUE
BS0613,M039,TP0216,Virat Kohli,RCB v RR,RCB,RR,RCB,2,9,10,2,0,90,FALSE
BS0614,M039,TP0202,Faf du Plessis,RCB v RR,RCB,RR,RCB,2,23,21,3,1,109.52,FALSE
BS0615,M039,TP0215,Suyash Prabhudessai,RCB v RR,RCB,RR,RCB,2,16,16,0,1,100,FALSE
BS0616,M039,TP0204,Glenn Maxwell,RCB v RR,RCB,RR,RCB,2,0,1,0,0,0,FALSE
BS0617,M039,TP0212,Shahbaz Ahamad,RCB v RR,RCB,RR,RCB,2,17,27,0,1,62.96,FALSE
BS0618,M039,TP0215,Suyash Prabhudessai,RCB v RR,RCB,RR,RCB,2,2,7,0,0,28.57,FALSE
BS0619,M039,TP0201,Dinesh Karthik,RCB v RR,RCB,RR,RCB,2,6,4,1,0,150,FALSE
BS0620,M039,TP0217,Wanindu Hasaranga,RCB v RR,RCB,RR,RCB,2,18,13,2,0,138.46,FALSE
BS0621,M039,TP0205,Harshal Patel,RCB v RR,RCB,RR,RCB,2,8,11,0,1,72.72,FALSE
BS0622,M039,TP0211,Mohammed Siraj,RCB v RR,RCB,RR,RCB,2,5,5,1,0,100,FALSE
BS0623,M039,TP0207,Josh Hazlewood,RCB v RR,RCB,RR,RCB,2,0,2,0,0,0,TRUE
BS0624,M040,TP0219,Abhishek Sharma,GT v SRH,GT,SRH,SRH,1,65,42,6,3,154.76,FALSE
BS0625,M040,TP0059,Kane Williamson,GT v SRH,GT,SRH,SRH,1,5,8,1,0,62.5,FALSE
BS0626,M040,TP0231,Rahul Tripathi,GT v SRH,GT,SRH,SRH,1,16,10,2,1,160,FALSE
BS0627,M040,TP0220,Aiden Markram,GT v SRH,GT,SRH,SRH,1,56,40,2,3,140,FALSE
BS0628,M040,TP0228,Nicholas Pooran,GT v SRH,GT,SRH,SRH,1,3,5,0,0,60,FALSE
BS0629,M040,TP0240,Washington Sundar,GT v SRH,GT,SRH,SRH,1,3,4,0,0,75,FALSE
BS0630,M040,TP0235,Shashank Singh,GT v SRH,GT,SRH,SRH,1,25,6,1,3,416.66,TRUE
BS0631,M040,TP0227,Marco Jansen,GT v SRH,GT,SRH,SRH,1,8,5,0,1,160,TRUE
BS0632,M040,TP0072,Wriddhiman Saha,GT v SRH,GT,SRH,GT,2,68,38,11,1,178.94,FALSE
BS0633,M040,TP0069,Shubman Gill,GT v SRH,GT,SRH,GT,2,22,24,1,1,91.66,FALSE
BS0634,M040,TP0056,Hardik Pandya,GT v SRH,GT,SRH,GT,2,10,6,2,0,166.66,FALSE
BS0635,M040,TP0053,David Miller,GT v SRH,GT,SRH,GT,2,17,19,1,0,89.47,FALSE
BS0636,M040,TP0066,Rahul Tewatia,GT v SRH,GT,SRH,GT,2,40,21,4,2,190.47,TRUE
BS0637,M040,TP0049,Abhinav Sadarangani,GT v SRH,GT,SRH,GT,2,0,1,0,0,0,FALSE
BS0638,M040,TP0067,Rashid Khan,GT v SRH,GT,SRH,GT,2,31,11,0,4,281.81,TRUE
BS0639,M041,TP0074,Aaron Finch,DC v KKR,DC,KKR,KKR,1,3,7,0,0,42.85,FALSE
BS0640,M041,TP0099,Venkatesh Iyer,DC v KKR,DC,KKR,KKR,1,6,12,0,0,50,FALSE
BS0641,M041,TP0094,Shreyas Iyer,DC v KKR,DC,KKR,KKR,1,42,37,4,0,113.51,FALSE
BS0642,M041,TP0082,Baba Indrajith,DC v KKR,DC,KKR,KKR,1,6,8,0,0,75,FALSE
BS0643,M041,TP0095,Sunil Narine,DC v KKR,DC,KKR,KKR,1,0,1,0,0,0,FALSE
BS0644,M041,TP0085,Nitish Rana,DC v KKR,DC,KKR,KKR,1,57,34,3,4,167.64,FALSE
BS0645,M041,TP0079,Andre Russell,DC v KKR,DC,KKR,KKR,1,0,3,0,0,0,FALSE
BS0646,M041,TP0090,Rinku Singh,DC v KKR,DC,KKR,KKR,1,23,16,3,0,143.75,FALSE
BS0647,M041,TP0097,Umesh Yadav,DC v KKR,DC,KKR,KKR,1,0,1,0,0,0,TRUE
BS0648,M041,TP0096,Tim Southee,DC v KKR,DC,KKR,KKR,1,0,1,0,0,0,FALSE
BS0649,M041,TP0085,Nitish Rana,DC v KKR,DC,KKR,KKR,1,0,1,0,0,0,TRUE
BS0650,M041,TP0039,Prithvi Shaw,DC v KKR,DC,KKR,DC,2,0,1,0,0,0,FALSE
BS0651,M041,TP0028,David Warner,DC v KKR,DC,KKR,DC,2,42,26,8,0,161.53,FALSE
BS0652,M041,TP0036,Mitchell Marsh,DC v KKR,DC,KKR,DC,2,13,7,2,0,185.71,FALSE
BS0653,M041,TP0033,Lalit Yadav,DC v KKR,DC,KKR,DC,2,22,29,1,1,75.86,FALSE
BS0654,M041,TP0041,Rishabh Pant,DC v KKR,DC,KKR,DC,2,2,5,0,0,40,FALSE
BS0655,M041,TP0042,Rovman Powell,DC v KKR,DC,KKR,DC,2,33,16,1,3,206.25,TRUE
BS0656,M041,TP0241,Axar Patel,DC v KKR,DC,KKR,DC,2,24,17,2,1,141.17,FALSE
BS0657,M041,TP0044,Shardul Thakur,DC v KKR,DC,KKR,DC,2,8,14,0,0,57.14,TRUE
BS0658,M042,TP0118,Quinton de Kock,PK v LSG,PK,LSG,LSG,1,46,37,4,2,124.32,FALSE
BS0659,M042,TP0109,KL Rahul,PK v LSG,PK,LSG,LSG,1,6,11,1,0,54.54,FALSE
BS0660,M042,TP0104,Deepak Hooda,PK v LSG,PK,LSG,LSG,1,34,28,1,2,121.42,FALSE
BS0661,M042,TP0111,Krunal Pandya,PK v LSG,PK,LSG,LSG,1,7,7,1,0,100,FALSE
BS0662,M042,TP0243,Marcus Stoinis,PK v LSG,PK,LSG,LSG,1,1,4,0,0,25,FALSE
BS0663,M042,TP0103,Ayush Badoni,PK v LSG,PK,LSG,LSG,1,4,4,0,0,100,FALSE
BS0664,M042,TP0107,Jason Holder,PK v LSG,PK,LSG,LSG,1,11,8,0,1,137.5,FALSE
BS0665,M042,TP0105,Dushmanta Chameera,PK v LSG,PK,LSG,LSG,1,17,10,0,2,170,FALSE
BS0666,M042,TP0117,Mohsin Khan,PK v LSG,PK,LSG,LSG,1,13,6,1,1,216.66,TRUE
BS0667,M042,TP0102,Avesh Khan,PK v LSG,PK,LSG,LSG,1,2,5,0,0,40,TRUE
BS0668,M042,TP0158,Mayank Agarwal,PK v LSG,PK,LSG,PK,2,25,17,2,2,147.05,FALSE
BS0669,M042,TP0168,Shikhar Dhawan,PK v LSG,PK,LSG,PK,2,5,15,0,0,33.33,FALSE
BS0670,M042,TP0155,Jonny Bairstow,PK v LSG,PK,LSG,PK,2,32,28,5,0,114.28,FALSE
BS0671,M042,TP0151,Bhanuka Rajapaksa,PK v LSG,PK,LSG,PK,2,9,7,1,0,128.57,FALSE
BS0672,M042,TP0157,Liam Livingstone,PK v LSG,PK,LSG,PK,2,18,16,0,2,112.5,FALSE
BS0673,M042,TP0154,Jitesh Sharma,PK v LSG,PK,LSG,PK,2,2,5,0,0,40,FALSE
BS0674,M042,TP0165,Rishi Dhawan,PK v LSG,PK,LSG,PK,2,21,22,3,1,95.45,TRUE
BS0675,M042,TP0156,Kagiso Rabada,PK v LSG,PK,LSG,PK,2,2,5,0,0,40,FALSE
BS0676,M042,TP0163,Rahul Chahar,PK v LSG,PK,LSG,PK,2,4,4,1,0,100,FALSE
BS0677,M042,TP0147,Arshdeep Singh,PK v LSG,PK,LSG,PK,2,0,2,0,0,0,TRUE
BS0678,M043,TP0216,Virat Kohli,GT v RCB,GT,RCB,RCB,1,58,53,6,1,109.43,FALSE
BS0679,M043,TP0202,Faf du Plessis,GT v RCB,GT,RCB,RCB,1,0,4,0,0,0,FALSE
BS0680,M043,TP0215,Suyash Prabhudessai,GT v RCB,GT,RCB,RCB,1,52,32,5,2,162.5,FALSE
BS0681,M043,TP0204,Glenn Maxwell,GT v RCB,GT,RCB,RCB,1,33,18,3,2,183.33,FALSE
BS0682,M043,TP0201,Dinesh Karthik,GT v RCB,GT,RCB,RCB,1,2,3,0,0,66.66,FALSE
BS0683,M043,TP0212,Shahbaz Ahamad,GT v RCB,GT,RCB,RCB,1,2,2,0,0,100,TRUE
BS0684,M043,TP0210,Mahipal Lomror,GT v RCB,GT,RCB,RCB,1,16,8,2,1,200,FALSE
BS0685,M043,TP0072,Wriddhiman Saha,GT v RCB,GT,RCB,GT,2,29,22,4,0,131.81,FALSE
BS0686,M043,TP0069,Shubman Gill,GT v RCB,GT,RCB,GT,2,31,28,3,1,110.71,FALSE
BS0687,M043,TP0068,Sai Sudarshan,GT v RCB,GT,RCB,GT,2,20,14,2,0,142.85,FALSE
BS0688,M043,TP0056,Hardik Pandya,GT v RCB,GT,RCB,GT,2,3,5,0,0,60,FALSE
BS0689,M043,TP0053,David Miller,GT v RCB,GT,RCB,GT,2,39,24,4,1,162.5,TRUE
BS0690,M043,TP0066,Rahul Tewatia,GT v RCB,GT,RCB,GT,2,43,25,5,2,172,TRUE
BS0691,M044,TP0177,Jos Buttler,RR v MI,RR,MI,RR,1,67,52,5,4,128.84,FALSE
BS0692,M044,TP0174,Devdutt Padikkal,RR v MI,RR,MI,RR,1,15,15,3,0,100,FALSE
BS0693,M044,TP0189,Sanju Samson,RR v MI,RR,MI,RR,1,16,7,0,2,228.57,FALSE
BS0694,M044,TP0173,Daryl Mitchell,RR v MI,RR,MI,RR,1,17,20,1,0,85,FALSE
BS0695,M044,TP0190,Shimron Hetmyer,RR v MI,RR,MI,RR,1,6,14,0,0,42.85,TRUE
BS0696,M044,TP0188,Riyan Parag,RR v MI,RR,MI,RR,1,3,3,0,0,100,FALSE
BS0697,M044,TP0186,R Ashwin,RR v MI,RR,MI,RR,1,21,9,3,1,233.33,FALSE
BS0698,M044,TP0193,Trent Boult,RR v MI,RR,MI,RR,1,1,1,0,0,100,TRUE
BS0699,M044,TP0140,Rohit Sharma,RR v MI,RR,MI,MI,2,2,5,0,0,40,FALSE
BS0700,M044,TP0128,Ishan Kishan,RR v MI,RR,MI,MI,2,26,18,4,1,144.44,FALSE
BS0701,M044,TP0142,Suryakumar Yadav,RR v MI,RR,MI,MI,2,51,39,5,2,130.76,FALSE
BS0702,M044,TP0143,Tilak Varma,RR v MI,RR,MI,MI,2,35,30,1,2,116.66,FALSE
BS0703,M044,TP0132,Kieron Pollard,RR v MI,RR,MI,MI,2,10,14,0,0,71.42,FALSE
BS0704,M044,TP0144,Tim David,RR v MI,RR,MI,MI,2,20,9,2,1,222.22,TRUE
BS0705,M044,TP0124,Daniel Sams,RR v MI,RR,MI,MI,2,6,1,0,1,600,TRUE
BS0706,M045,TP0118,Quinton de Kock,DC v LSG,DC,LSG,LSG,1,23,13,3,1,176.92,FALSE
BS0707,M045,TP0109,KL Rahul,DC v LSG,DC,LSG,LSG,1,77,51,4,5,150.98,FALSE
BS0708,M045,TP0104,Deepak Hooda,DC v LSG,DC,LSG,LSG,1,52,34,6,1,152.94,FALSE
BS0709,M045,TP0243,Marcus Stoinis,DC v LSG,DC,LSG,LSG,1,17,16,1,1,106.25,TRUE
BS0710,M045,TP0111,Krunal Pandya,DC v LSG,DC,LSG,LSG,1,9,6,0,0,150,TRUE
BS0711,M045,TP0039,Prithvi Shaw,DC v LSG,DC,LSG,DC,2,5,7,1,0,71.42,FALSE
BS0712,M045,TP0028,David Warner,DC v LSG,DC,LSG,DC,2,3,4,0,0,75,FALSE
BS0713,M045,TP0036,Mitchell Marsh,DC v LSG,DC,LSG,DC,2,37,20,3,3,185,FALSE
BS0714,M045,TP0041,Rishabh Pant,DC v LSG,DC,LSG,DC,2,44,30,7,1,146.66,FALSE
BS0715,M045,TP0033,Lalit Yadav,DC v LSG,DC,LSG,DC,2,3,4,0,0,75,FALSE
BS0716,M045,TP0042,Rovman Powell,DC v LSG,DC,LSG,DC,2,35,21,3,2,166.66,FALSE
BS0717,M045,TP0241,Axar Patel,DC v LSG,DC,LSG,DC,2,42,24,1,3,175,TRUE
BS0718,M045,TP0044,Shardul Thakur,DC v LSG,DC,LSG,DC,2,1,2,0,0,50,FALSE
BS0719,M045,TP0032,Kuldeep Yadav,DC v LSG,DC,LSG,DC,2,16,8,1,1,200,TRUE
BS0720,M046,TP0020,Ruturaj Gaikwad,SRH v CSK,SRH,CSK,CSK,1,99,57,6,6,173.68,FALSE
BS0721,M046,TP0006,Devon Conway,SRH v CSK,SRH,CSK,CSK,1,85,55,8,4,154.54,TRUE
BS0722,M046,TP0013,MS Dhoni,SRH v CSK,SRH,CSK,CSK,1,8,7,1,0,114.28,FALSE
BS0723,M046,TP0018,Ravindra Jadeja,SRH v CSK,SRH,CSK,CSK,1,1,1,0,0,100,TRUE
BS0724,M046,TP0219,Abhishek Sharma,SRH v CSK,SRH,CSK,SRH,2,39,24,5,1,162.5,FALSE
BS0725,M046,TP0059,Kane Williamson,SRH v CSK,SRH,CSK,SRH,2,47,37,2,2,127.02,FALSE
BS0726,M046,TP0231,Rahul Tripathi,SRH v CSK,SRH,CSK,SRH,2,0,1,0,0,0,FALSE
BS0727,M046,TP0220,Aiden Markram,SRH v CSK,SRH,CSK,SRH,2,17,10,0,2,170,FALSE
BS0728,M046,TP0228,Nicholas Pooran,SRH v CSK,SRH,CSK,SRH,2,64,33,3,6,193.93,TRUE
BS0729,M046,TP0235,Shashank Singh,SRH v CSK,SRH,CSK,SRH,2,15,14,1,0,107.14,FALSE
BS0730,M046,TP0240,Washington Sundar,SRH v CSK,SRH,CSK,SRH,2,2,2,0,0,100,FALSE
BS0731,M046,TP0227,Marco Jansen,SRH v CSK,SRH,CSK,SRH,2,0,0,0,0,0,TRUE
BS0732,M047,TP0177,Jos Buttler,KKR v RR,KKR,RR,RR,1,22,25,3,0,88,FALSE
BS0733,M047,TP0174,Devdutt Padikkal,KKR v RR,KKR,RR,RR,1,2,5,0,0,40,FALSE
BS0734,M047,TP0189,Sanju Samson,KKR v RR,KKR,RR,RR,1,54,49,7,1,110.2,FALSE
BS0735,M047,TP0179,Karun Nair,KKR v RR,KKR,RR,RR,1,13,13,1,0,100,FALSE
BS0736,M047,TP0188,Riyan Parag,KKR v RR,KKR,RR,RR,1,19,12,1,2,158.33,FALSE
BS0737,M047,TP0190,Shimron Hetmyer,KKR v RR,KKR,RR,RR,1,27,13,1,2,207.69,TRUE
BS0738,M047,TP0186,R Ashwin,KKR v RR,KKR,RR,RR,1,6,5,0,0,120,TRUE
BS0739,M047,TP0082,Baba Indrajith,KKR v RR,KKR,RR,KKR,2,15,16,2,0,93.75,FALSE
BS0740,M047,TP0074,Aaron Finch,KKR v RR,KKR,RR,KKR,2,4,7,0,0,57.14,FALSE
BS0741,M047,TP0094,Shreyas Iyer,KKR v RR,KKR,RR,KKR,2,34,32,3,1,106.25,FALSE
BS0742,M047,TP0085,Nitish Rana,KKR v RR,KKR,RR,KKR,2,48,37,3,2,129.72,TRUE
BS0743,M047,TP0090,Rinku Singh,KKR v RR,KKR,RR,KKR,2,42,23,6,1,182.6,TRUE
BS0744,M048,TP0072,Wriddhiman Saha,GT v PK,GT,PK,GT,1,21,17,3,1,123.52,FALSE
BS0745,M048,TP0069,Shubman Gill,GT v PK,GT,PK,GT,1,9,6,2,0,150,FALSE
BS0746,M048,TP0068,Sai Sudarshan,GT v PK,GT,PK,GT,1,65,50,5,1,130,TRUE
BS0747,M048,TP0056,Hardik Pandya,GT v PK,GT,PK,GT,1,1,7,0,0,14.28,FALSE
BS0748,M048,TP0053,David Miller,GT v PK,GT,PK,GT,1,11,14,0,0,78.57,FALSE
BS0749,M048,TP0066,Rahul Tewatia,GT v PK,GT,PK,GT,1,11,13,0,0,84.61,FALSE
BS0750,M048,TP0067,Rashid Khan,GT v PK,GT,PK,GT,1,0,1,0,0,0,FALSE
BS0751,M048,TP0064,Pradeep Sangwan,GT v PK,GT,PK,GT,1,2,5,0,0,40,FALSE
BS0752,M048,TP0060,Lockie Ferguson,GT v PK,GT,PK,GT,1,5,3,1,0,166.66,FALSE
BS0753,M048,TP0050,Alzarri Joseph,GT v PK,GT,PK,GT,1,4,5,0,0,80,TRUE
BS0754,M048,TP0155,Jonny Bairstow,GT v PK,GT,PK,PK,2,1,6,0,0,16.66,FALSE
BS0755,M048,TP0168,Shikhar Dhawan,GT v PK,GT,PK,PK,2,62,53,8,1,116.98,TRUE
BS0756,M048,TP0151,Bhanuka Rajapaksa,GT v PK,GT,PK,PK,2,40,28,5,1,142.85,FALSE
BS0757,M048,TP0157,Liam Livingstone,GT v PK,GT,PK,PK,2,30,10,2,3,300,TRUE
BS0758,M049,TP0216,Virat Kohli,RCB v CSK,RCB,CSK,RCB,1,30,33,3,1,90.9,FALSE
BS0759,M049,TP0202,Faf du Plessis,RCB v CSK,RCB,CSK,RCB,1,38,22,4,1,172.72,FALSE
BS0760,M049,TP0204,Glenn Maxwell,RCB v CSK,RCB,CSK,RCB,1,3,3,0,0,100,FALSE
BS0761,M049,TP0210,Mahipal Lomror,RCB v CSK,RCB,CSK,RCB,1,42,27,3,2,155.55,FALSE
BS0762,M049,TP0215,Suyash Prabhudessai,RCB v CSK,RCB,CSK,RCB,1,21,15,1,1,140,FALSE
BS0763,M049,TP0201,Dinesh Karthik,RCB v CSK,RCB,CSK,RCB,1,26,17,1,2,152.94,TRUE
BS0764,M049,TP0217,Wanindu Hasaranga,RCB v CSK,RCB,CSK,RCB,1,0,1,0,0,0,FALSE
BS0765,M049,TP0212,Shahbaz Ahamad,RCB v CSK,RCB,CSK,RCB,1,1,2,0,0,50,FALSE
BS0766,M049,TP0205,Harshal Patel,RCB v CSK,RCB,CSK,RCB,1,0,0,0,0,0,FALSE
BS0767,M049,TP0211,Mohammed Siraj,RCB v CSK,RCB,CSK,RCB,1,0,0,0,0,0,TRUE
BS0768,M049,TP0020,Ruturaj Gaikwad,RCB v CSK,RCB,CSK,CSK,2,28,23,3,1,121.73,FALSE
BS0769,M049,TP0006,Devon Conway,RCB v CSK,RCB,CSK,CSK,2,56,37,6,2,151.35,FALSE
BS0770,M049,TP0019,Robin Uthappa,RCB v CSK,RCB,CSK,CSK,2,1,3,0,0,33.33,FALSE
BS0771,M049,TP0002,Ambati Rayudu,RCB v CSK,RCB,CSK,CSK,2,10,8,0,1,125,FALSE
BS0772,M049,TP0242,Moeen Ali,RCB v CSK,RCB,CSK,CSK,2,34,27,2,2,125.92,FALSE
BS0773,M049,TP0018,Ravindra Jadeja,RCB v CSK,RCB,CSK,CSK,2,3,5,0,0,60,FALSE
BS0774,M049,TP0013,MS Dhoni,RCB v CSK,RCB,CSK,CSK,2,2,3,0,0,66.66,FALSE
BS0775,M049,TP0007,Dwaine Pretorius,RCB v CSK,RCB,CSK,CSK,2,13,8,1,1,162.5,FALSE
BS0776,M049,TP0022,Simarjeet Singh,RCB v CSK,RCB,CSK,CSK,2,2,2,0,0,100,TRUE
BS0777,M049,TP0011,Maheesh Theekshana,RCB v CSK,RCB,CSK,CSK,2,7,4,0,1,175,TRUE
BS0778,M050,TP0035,Mandeep Singh,DC v SRH,DC,SRH,DC,1,0,5,0,0,0,FALSE
BS0779,M050,TP0028,David Warner,DC v SRH,DC,SRH,DC,1,92,58,12,3,158.62,TRUE
BS0780,M050,TP0036,Mitchell Marsh,DC v SRH,DC,SRH,DC,1,10,7,2,0,142.85,FALSE
BS0781,M050,TP0041,Rishabh Pant,DC v SRH,DC,SRH,DC,1,26,16,1,3,162.5,FALSE
BS0782,M050,TP0042,Rovman Powell,DC v SRH,DC,SRH,DC,1,67,35,3,6,191.42,TRUE
BS0783,M050,TP0219,Abhishek Sharma,DC v SRH,DC,SRH,SRH,2,7,6,1,0,116.66,FALSE
BS0784,M050,TP0059,Kane Williamson,DC v SRH,DC,SRH,SRH,2,4,11,1,0,36.36,FALSE
BS0785,M050,TP0231,Rahul Tripathi,DC v SRH,DC,SRH,SRH,2,22,18,2,1,122.22,FALSE
BS0786,M050,TP0220,Aiden Markram,DC v SRH,DC,SRH,SRH,2,42,25,4,3,168,FALSE
BS0787,M050,TP0228,Nicholas Pooran,DC v SRH,DC,SRH,SRH,2,62,34,2,6,182.35,FALSE
BS0788,M050,TP0235,Shashank Singh,DC v SRH,DC,SRH,SRH,2,10,6,2,0,166.66,FALSE
BS0789,M050,TP0234,Sean Abbott,DC v SRH,DC,SRH,SRH,2,7,5,0,1,140,FALSE
BS0790,M050,TP0236,Shreyas Gopal,DC v SRH,DC,SRH,SRH,2,9,7,2,0,128.57,TRUE
BS0791,M050,TP0226,Kartik Tyagi,DC v SRH,DC,SRH,SRH,2,7,5,1,0,140,FALSE
BS0792,M050,TP0221,Bhuvneshwar Kumar,DC v SRH,DC,SRH,SRH,2,5,3,1,0,166.66,TRUE
BS0793,M051,TP0128,Ishan Kishan,GT v MI,GT,MI,MI,1,45,29,5,1,155.17,FALSE
BS0794,M051,TP0140,Rohit Sharma,GT v MI,GT,MI,MI,1,43,28,5,2,153.57,FALSE
BS0795,M051,TP0142,Suryakumar Yadav,GT v MI,GT,MI,MI,1,13,11,0,1,118.18,FALSE
BS0796,M051,TP0143,Tilak Varma,GT v MI,GT,MI,MI,1,21,16,2,0,131.25,FALSE
BS0797,M051,TP0132,Kieron Pollard,GT v MI,GT,MI,MI,1,4,14,0,0,28.57,FALSE
BS0798,M051,TP0144,Tim David,GT v MI,GT,MI,MI,1,44,21,2,4,209.52,TRUE
BS0799,M051,TP0124,Daniel Sams,GT v MI,GT,MI,MI,1,0,2,0,0,0,FALSE
BS0800,M051,TP0135,Murugan Ashwin,GT v MI,GT,MI,MI,1,0,0,0,0,0,TRUE
BS0801,M051,TP0072,Wriddhiman Saha,GT v MI,GT,MI,GT,2,55,40,6,2,137.5,FALSE
BS0802,M051,TP0069,Shubman Gill,GT v MI,GT,MI,GT,2,52,36,6,2,144.44,FALSE
BS0803,M051,TP0056,Hardik Pandya,GT v MI,GT,MI,GT,2,24,14,4,0,171.42,FALSE
BS0804,M051,TP0068,Sai Sudarshan,GT v MI,GT,MI,GT,2,14,11,1,1,127.27,FALSE
BS0805,M051,TP0053,David Miller,GT v MI,GT,MI,GT,2,19,14,1,1,135.71,TRUE
BS0806,M051,TP0066,Rahul Tewatia,GT v MI,GT,MI,GT,2,3,4,0,0,75,FALSE
BS0807,M051,TP0067,Rashid Khan,GT v MI,GT,MI,GT,2,1,1,0,0,100,TRUE
BS0808,M052,TP0155,Jonny Bairstow,PK v RR,PK,RR,PK,1,56,40,8,1,140,FALSE
BS0809,M052,TP0168,Shikhar Dhawan,PK v RR,PK,RR,PK,1,12,16,2,0,75,FALSE
BS0810,M052,TP0151,Bhanuka Rajapaksa,PK v RR,PK,RR,PK,1,27,18,2,2,150,FALSE
BS0811,M052,TP0158,Mayank Agarwal,PK v RR,PK,RR,PK,1,15,13,2,0,115.38,FALSE
BS0812,M052,TP0154,Jitesh Sharma,PK v RR,PK,RR,PK,1,38,18,4,2,211.11,TRUE
BS0813,M052,TP0157,Liam Livingstone,PK v RR,PK,RR,PK,1,22,14,1,2,157.14,FALSE
BS0814,M052,TP0165,Rishi Dhawan,PK v RR,PK,RR,PK,1,5,2,1,0,250,TRUE
BS0815,M052,TP0194,Yashasvi Jaiswal,PK v RR,PK,RR,RR,2,68,41,9,2,165.85,FALSE
BS0816,M052,TP0177,Jos Buttler,PK v RR,PK,RR,RR,2,30,16,5,1,187.5,FALSE
BS0817,M052,TP0189,Sanju Samson,PK v RR,PK,RR,RR,2,23,12,4,0,191.66,FALSE
BS0818,M052,TP0174,Devdutt Padikkal,PK v RR,PK,RR,RR,2,31,32,3,0,96.87,FALSE
BS0819,M052,TP0190,Shimron Hetmyer,PK v RR,PK,RR,RR,2,31,16,3,2,193.75,TRUE
BS0820,M052,TP0188,Riyan Parag,PK v RR,PK,RR,RR,2,0,1,0,0,0,TRUE
BS0821,M053,TP0118,Quinton de Kock,LSG v KKR,LSG,KKR,LSG,1,50,29,4,3,172.41,FALSE
BS0822,M053,TP0109,KL Rahul,LSG v KKR,LSG,KKR,LSG,1,0,0,0,0,0,FALSE
BS0823,M053,TP0104,Deepak Hooda,LSG v KKR,LSG,KKR,LSG,1,41,27,4,2,151.85,FALSE
BS0824,M053,TP0111,Krunal Pandya,LSG v KKR,LSG,KKR,LSG,1,25,27,2,0,92.59,FALSE
BS0825,M053,TP0103,Ayush Badoni,LSG v KKR,LSG,KKR,LSG,1,15,18,0,0,83.33,TRUE
BS0826,M053,TP0243,Marcus Stoinis,LSG v KKR,LSG,KKR,LSG,1,28,14,1,3,200,FALSE
BS0827,M053,TP0107,Jason Holder,LSG v KKR,LSG,KKR,LSG,1,13,4,0,2,325,FALSE
BS0828,M053,TP0105,Dushmanta Chameera,LSG v KKR,LSG,KKR,LSG,1,0,1,0,0,0,FALSE
BS0829,M053,TP0082,Baba Indrajith,LSG v KKR,LSG,KKR,KKR,2,0,6,0,0,0,FALSE
BS0830,M053,TP0074,Aaron Finch,LSG v KKR,LSG,KKR,KKR,2,14,14,1,0,100,FALSE
BS0831,M053,TP0094,Shreyas Iyer,LSG v KKR,LSG,KKR,KKR,2,6,9,1,0,66.66,FALSE
BS0832,M053,TP0085,Nitish Rana,LSG v KKR,LSG,KKR,KKR,2,2,11,0,0,18.18,FALSE
BS0833,M053,TP0090,Rinku Singh,LSG v KKR,LSG,KKR,KKR,2,6,10,0,0,60,FALSE
BS0834,M053,TP0079,Andre Russell,LSG v KKR,LSG,KKR,KKR,2,45,19,3,5,236.84,FALSE
BS0835,M053,TP0095,Sunil Narine,LSG v KKR,LSG,KKR,KKR,2,22,12,3,1,183.33,FALSE
BS0836,M053,TP0080,Anukul Roy,LSG v KKR,LSG,KKR,KKR,2,0,2,0,0,0,FALSE
BS0837,M053,TP0093,Shivam Mavi,LSG v KKR,LSG,KKR,KKR,2,1,2,0,0,50,TRUE
BS0838,M053,TP0096,Tim Southee,LSG v KKR,LSG,KKR,KKR,2,0,1,0,0,0,FALSE
BS0839,M053,TP0085,Nitish Rana,LSG v KKR,LSG,KKR,KKR,2,2,1,0,0,200,FALSE
BS0840,M054,TP0216,Virat Kohli,SRH v RCB,SRH,RCB,RCB,1,0,1,0,0,0,FALSE
BS0841,M054,TP0202,Faf du Plessis,SRH v RCB,SRH,RCB,RCB,1,73,50,8,2,146,TRUE
BS0842,M054,TP0215,Suyash Prabhudessai,SRH v RCB,SRH,RCB,RCB,1,48,38,4,2,126.31,FALSE
BS0843,M054,TP0204,Glenn Maxwell,SRH v RCB,SRH,RCB,RCB,1,33,24,3,2,137.5,FALSE
BS0844,M054,TP0201,Dinesh Karthik,SRH v RCB,SRH,RCB,RCB,1,30,8,1,4,375,TRUE
BS0845,M054,TP0219,Abhishek Sharma,SRH v RCB,SRH,RCB,SRH,2,0,3,0,0,0,FALSE
BS0846,M054,TP0059,Kane Williamson,SRH v RCB,SRH,RCB,SRH,2,0,0,0,0,0,FALSE
BS0847,M054,TP0231,Rahul Tripathi,SRH v RCB,SRH,RCB,SRH,2,58,37,6,2,156.75,FALSE
BS0848,M054,TP0220,Aiden Markram,SRH v RCB,SRH,RCB,SRH,2,21,27,1,1,77.77,FALSE
BS0849,M054,TP0228,Nicholas Pooran,SRH v RCB,SRH,RCB,SRH,2,19,14,2,1,135.71,FALSE
BS0850,M054,TP0225,Jagadeesha Suchith,SRH v RCB,SRH,RCB,SRH,2,2,7,0,0,28.57,FALSE
BS0851,M054,TP0235,Shashank Singh,SRH v RCB,SRH,RCB,SRH,2,8,9,0,1,88.88,FALSE
BS0852,M054,TP0226,Kartik Tyagi,SRH v RCB,SRH,RCB,SRH,2,0,1,0,0,0,FALSE
BS0853,M054,TP0221,Bhuvneshwar Kumar,SRH v RCB,SRH,RCB,SRH,2,8,9,1,0,88.88,FALSE
BS0854,M054,TP0238,Umran Malik,SRH v RCB,SRH,RCB,SRH,2,0,1,0,0,0,FALSE
BS0855,M054,TP0222,Fazalhaq Farooqi,SRH v RCB,SRH,RCB,SRH,2,2,8,0,0,25,TRUE
BS0856,M055,TP0020,Ruturaj Gaikwad,CSK v DC,CSK,DC,CSK,1,41,33,4,1,124.24,FALSE
BS0857,M055,TP0006,Devon Conway,CSK v DC,CSK,DC,CSK,1,87,49,7,5,177.55,FALSE
BS0858,M055,TP0021,Shivam Dube,CSK v DC,CSK,DC,CSK,1,32,19,2,2,168.42,FALSE
BS0859,M055,TP0002,Ambati Rayudu,CSK v DC,CSK,DC,CSK,1,5,6,1,0,83.33,FALSE
BS0860,M055,TP0013,MS Dhoni,CSK v DC,CSK,DC,CSK,1,21,8,1,2,262.5,TRUE
BS0861,M055,TP0242,Moeen Ali,CSK v DC,CSK,DC,CSK,1,9,4,2,0,225,FALSE
BS0862,M055,TP0019,Robin Uthappa,CSK v DC,CSK,DC,CSK,1,0,1,0,0,0,FALSE
BS0863,M055,TP0008,Dwayne Bravo,CSK v DC,CSK,DC,CSK,1,1,1,0,0,100,TRUE
BS0864,M055,TP0028,David Warner,CSK v DC,CSK,DC,DC,2,19,12,1,2,158.33,FALSE
BS0865,M055,TP0029,K S Bharat,CSK v DC,CSK,DC,DC,2,8,5,2,0,160,FALSE
BS0866,M055,TP0036,Mitchell Marsh,CSK v DC,CSK,DC,DC,2,25,20,3,1,125,FALSE
BS0867,M055,TP0041,Rishabh Pant,CSK v DC,CSK,DC,DC,2,21,11,4,0,190.9,FALSE
BS0868,M055,TP0042,Rovman Powell,CSK v DC,CSK,DC,DC,2,3,9,0,0,33.33,FALSE
BS0869,M055,TP0040,Ripal Patel,CSK v DC,CSK,DC,DC,2,6,3,0,1,200,FALSE
BS0870,M055,TP0241,Axar Patel,CSK v DC,CSK,DC,DC,2,1,3,0,0,33.33,FALSE
BS0871,M055,TP0044,Shardul Thakur,CSK v DC,CSK,DC,DC,2,24,19,2,1,126.31,FALSE
BS0872,M055,TP0032,Kuldeep Yadav,CSK v DC,CSK,DC,DC,2,5,17,0,0,29.41,FALSE
BS0873,M055,TP0025,Anrich Nortje,CSK v DC,CSK,DC,DC,2,1,6,0,0,16.66,TRUE
BS0874,M055,TP0031,Khaleel Ahmed,CSK v DC,CSK,DC,DC,2,0,1,0,0,0,FALSE
BS0875,M056,TP0099,Venkatesh Iyer,MI v KKR,MI,KKR,KKR,1,43,24,3,4,179.16,FALSE
BS0876,M056,TP0076,Ajinkya Rahane,MI v KKR,MI,KKR,KKR,1,25,24,3,0,104.16,FALSE
BS0877,M056,TP0085,Nitish Rana,MI v KKR,MI,KKR,KKR,1,43,26,3,4,165.38,FALSE
BS0878,M056,TP0094,Shreyas Iyer,MI v KKR,MI,KKR,KKR,1,6,8,1,0,75,FALSE
BS0879,M056,TP0079,Andre Russell,MI v KKR,MI,KKR,KKR,1,9,5,0,1,180,FALSE
BS0880,M056,TP0090,Rinku Singh,MI v KKR,MI,KKR,KKR,1,23,19,2,1,121.05,TRUE
BS0881,M056,TP0092,Sheldon Jackson,MI v KKR,MI,KKR,KKR,1,5,7,0,0,71.42,FALSE
BS0882,M056,TP0086,Pat Cummins,MI v KKR,MI,KKR,KKR,1,0,2,0,0,0,FALSE
BS0883,M056,TP0095,Sunil Narine,MI v KKR,MI,KKR,KKR,1,0,1,0,0,0,FALSE
BS0884,M056,TP0096,Tim Southee,MI v KKR,MI,KKR,KKR,1,0,4,0,0,0,FALSE
BS0885,M056,TP0098,Varun Chakravarty,MI v KKR,MI,KKR,KKR,1,0,0,0,0,0,TRUE
BS0886,M056,TP0140,Rohit Sharma,MI v KKR,MI,KKR,MI,2,2,6,0,0,33.33,FALSE
BS0887,M056,TP0128,Ishan Kishan,MI v KKR,MI,KKR,MI,2,51,43,5,1,118.6,FALSE
BS0888,M056,TP0143,Tilak Varma,MI v KKR,MI,KKR,MI,2,6,5,1,0,120,FALSE
BS0889,M056,TP0138,Ramandeep Singh,MI v KKR,MI,KKR,MI,2,12,16,0,0,75,FALSE
BS0890,M056,TP0144,Tim David,MI v KKR,MI,KKR,MI,2,13,9,3,0,144.44,FALSE
BS0891,M056,TP0132,Kieron Pollard,MI v KKR,MI,KKR,MI,2,15,16,0,1,93.75,FALSE
BS0892,M056,TP0124,Daniel Sams,MI v KKR,MI,KKR,MI,2,1,2,0,0,50,FALSE
BS0893,M056,TP0135,Murugan Ashwin,MI v KKR,MI,KKR,MI,2,0,2,0,0,0,FALSE
BS0894,M056,TP0131,Jofra Archer,MI v KKR,MI,KKR,MI,2,3,5,0,0,60,FALSE
BS0895,M056,TP0129,Jasprit Bumrah,MI v KKR,MI,KKR,MI,2,0,0,0,0,0,FALSE
BS0896,M056,TP0139,Riley Meredith,MI v KKR,MI,KKR,MI,2,0,1,0,0,0,TRUE
BS0897,M057,TP0072,Wriddhiman Saha,LSG v GT,LSG,GT,GT,1,5,11,1,0,45.45,FALSE
BS0898,M057,TP0069,Shubman Gill,LSG v GT,LSG,GT,GT,1,63,49,7,0,128.57,TRUE
BS0899,M057,TP0061,Matthew Wade,LSG v GT,LSG,GT,GT,1,10,7,2,0,142.85,FALSE
BS0900,M057,TP0056,Hardik Pandya,LSG v GT,LSG,GT,GT,1,11,13,0,0,84.61,FALSE
BS0901,M057,TP0053,David Miller,LSG v GT,LSG,GT,GT,1,26,24,1,1,108.33,FALSE
BS0902,M057,TP0066,Rahul Tewatia,LSG v GT,LSG,GT,GT,1,22,16,4,0,137.5,TRUE
BS0903,M057,TP0118,Quinton de Kock,LSG v GT,LSG,GT,LSG,2,11,10,0,1,110,FALSE
BS0904,M057,TP0109,KL Rahul,LSG v GT,LSG,GT,LSG,2,8,16,1,0,50,FALSE
BS0905,M057,TP0104,Deepak Hooda,LSG v GT,LSG,GT,LSG,2,27,26,3,0,103.84,FALSE
BS0906,M057,TP0110,Karan Sharma,LSG v GT,LSG,GT,LSG,2,4,4,1,0,100,FALSE
BS0907,M057,TP0111,Krunal Pandya,LSG v GT,LSG,GT,LSG,2,5,5,1,0,100,FALSE
BS0908,M057,TP0103,Ayush Badoni,LSG v GT,LSG,GT,LSG,2,8,11,1,0,72.72,FALSE
BS0909,M057,TP0243,Marcus Stoinis,LSG v GT,LSG,GT,LSG,2,2,2,0,0,100,FALSE
BS0910,M057,TP0107,Jason Holder,LSG v GT,LSG,GT,LSG,2,1,2,0,0,50,FALSE
BS0911,M057,TP0117,Mohsin Khan,LSG v GT,LSG,GT,LSG,2,1,3,0,0,33.33,FALSE
BS0912,M057,TP0105,Dushmanta Chameera,LSG v GT,LSG,GT,LSG,2,0,0,0,0,0,TRUE
BS0913,M057,TP0102,Avesh Khan,LSG v GT,LSG,GT,LSG,2,12,4,0,2,300,FALSE
BS0914,M058,TP0194,Yashasvi Jaiswal,RR v DC,RR,DC,RR,1,19,19,1,1,100,FALSE
BS0915,M058,TP0177,Jos Buttler,RR v DC,RR,DC,RR,1,7,11,1,0,63.63,FALSE
BS0916,M058,TP0186,R Ashwin,RR v DC,RR,DC,RR,1,50,38,4,2,131.57,FALSE
BS0917,M058,TP0174,Devdutt Padikkal,RR v DC,RR,DC,RR,1,48,30,6,2,160,FALSE
BS0918,M058,TP0189,Sanju Samson,RR v DC,RR,DC,RR,1,6,4,1,0,150,FALSE
BS0919,M058,TP0188,Riyan Parag,RR v DC,RR,DC,RR,1,9,5,0,1,180,FALSE
BS0920,M058,TP0187,Rassie van der Dussen,RR v DC,RR,DC,RR,1,12,10,1,0,120,TRUE
BS0921,M058,TP0193,Trent Boult,RR v DC,RR,DC,RR,1,3,3,0,0,100,TRUE
BS0922,M058,TP0029,K S Bharat,RR v DC,RR,DC,DC,2,0,2,0,0,0,FALSE
BS0923,M058,TP0028,David Warner,RR v DC,RR,DC,DC,2,52,41,5,1,126.82,TRUE
BS0924,M058,TP0036,Mitchell Marsh,RR v DC,RR,DC,DC,2,89,62,5,7,143.54,FALSE
BS0925,M058,TP0041,Rishabh Pant,RR v DC,RR,DC,DC,2,13,4,0,2,325,TRUE
BS0926,M059,TP0020,Ruturaj Gaikwad,CSK v MI,CSK,MI,CSK,1,7,6,1,0,116.66,FALSE
BS0927,M059,TP0006,Devon Conway,CSK v MI,CSK,MI,CSK,1,0,1,0,0,0,FALSE
BS0928,M059,TP0242,Moeen Ali,CSK v MI,CSK,MI,CSK,1,0,2,0,0,0,FALSE
BS0929,M059,TP0019,Robin Uthappa,CSK v MI,CSK,MI,CSK,1,1,6,0,0,16.66,FALSE
BS0930,M059,TP0002,Ambati Rayudu,CSK v MI,CSK,MI,CSK,1,10,14,2,0,71.42,FALSE
BS0931,M059,TP0013,MS Dhoni,CSK v MI,CSK,MI,CSK,1,36,33,4,2,109.09,TRUE
BS0932,M059,TP0021,Shivam Dube,CSK v MI,CSK,MI,CSK,1,10,9,1,0,111.11,FALSE
BS0933,M059,TP0008,Dwayne Bravo,CSK v MI,CSK,MI,CSK,1,12,15,0,1,80,FALSE
BS0934,M059,TP0022,Simarjeet Singh,CSK v MI,CSK,MI,CSK,1,2,3,0,0,66.66,FALSE
BS0935,M059,TP0011,Maheesh Theekshana,CSK v MI,CSK,MI,CSK,1,0,3,0,0,0,FALSE
BS0936,M059,TP0014,Mukesh Choudhary,CSK v MI,CSK,MI,CSK,1,4,4,1,0,100,FALSE
BS0937,M059,TP0128,Ishan Kishan,CSK v MI,CSK,MI,MI,2,6,5,1,0,120,FALSE
BS0938,M059,TP0140,Rohit Sharma,CSK v MI,CSK,MI,MI,2,18,14,4,0,128.57,FALSE
BS0939,M059,TP0124,Daniel Sams,CSK v MI,CSK,MI,MI,2,1,6,0,0,16.66,FALSE
BS0940,M059,TP0143,Tilak Varma,CSK v MI,CSK,MI,MI,2,34,32,4,0,106.25,TRUE
BS0941,M059,TP0144,Tim David,CSK v MI,CSK,MI,MI,2,0,2,0,0,0,FALSE
BS0942,M059,TP0127,Hrithik Shokeen,CSK v MI,CSK,MI,MI,2,18,23,2,0,78.26,FALSE
BS0943,M059,TP0144,Tim David,CSK v MI,CSK,MI,MI,2,16,7,0,2,228.57,TRUE
BS0944,M060,TP0155,Jonny Bairstow,RCB v PK,RCB,PK,PK,1,66,29,4,7,227.58,FALSE
BS0945,M060,TP0168,Shikhar Dhawan,RCB v PK,RCB,PK,PK,1,21,15,2,1,140,FALSE
BS0946,M060,TP0151,Bhanuka Rajapaksa,RCB v PK,RCB,PK,PK,1,1,3,0,0,33.33,FALSE
BS0947,M060,TP0157,Liam Livingstone,RCB v PK,RCB,PK,PK,1,70,42,5,4,166.66,FALSE
BS0948,M060,TP0158,Mayank Agarwal,RCB v PK,RCB,PK,PK,1,19,16,3,0,118.75,FALSE
BS0949,M060,TP0154,Jitesh Sharma,RCB v PK,RCB,PK,PK,1,9,5,2,0,180,FALSE
BS0950,M060,TP0152,Harpreet Brar,RCB v PK,RCB,PK,PK,1,7,5,0,1,140,FALSE
BS0951,M060,TP0165,Rishi Dhawan,RCB v PK,RCB,PK,PK,1,7,3,0,1,233.33,FALSE
BS0952,M060,TP0163,Rahul Chahar,RCB v PK,RCB,PK,PK,1,2,2,0,0,100,FALSE
BS0953,M060,TP0156,Kagiso Rabada,RCB v PK,RCB,PK,PK,1,0,1,0,0,0,TRUE
BS0954,M060,TP0216,Virat Kohli,RCB v PK,RCB,PK,RCB,2,20,14,2,1,142.85,FALSE
BS0955,M060,TP0202,Faf du Plessis,RCB v PK,RCB,PK,RCB,2,10,8,2,0,125,FALSE
BS0956,M060,TP0215,Suyash Prabhudessai,RCB v PK,RCB,PK,RCB,2,26,21,1,2,123.8,FALSE
BS0957,M060,TP0210,Mahipal Lomror,RCB v PK,RCB,PK,RCB,2,6,3,0,1,200,FALSE
BS0958,M060,TP0204,Glenn Maxwell,RCB v PK,RCB,PK,RCB,2,35,22,3,1,159.09,FALSE
BS0959,M060,TP0201,Dinesh Karthik,RCB v PK,RCB,PK,RCB,2,11,11,1,0,100,FALSE
BS0960,M060,TP0212,Shahbaz Ahamad,RCB v PK,RCB,PK,RCB,2,9,14,0,0,64.28,FALSE
BS0961,M060,TP0205,Harshal Patel,RCB v PK,RCB,PK,RCB,2,11,7,2,0,157.14,FALSE
BS0962,M060,TP0217,Wanindu Hasaranga,RCB v PK,RCB,PK,RCB,2,1,3,0,0,33.33,FALSE
BS0963,M060,TP0211,Mohammed Siraj,RCB v PK,RCB,PK,RCB,2,9,13,1,0,69.23,TRUE
BS0964,M060,TP0207,Josh Hazlewood,RCB v PK,RCB,PK,RCB,2,7,4,1,0,175,TRUE
BS0965,M061,TP0099,Venkatesh Iyer,KKR v SRH,KKR,SRH,KKR,1,7,6,1,0,116.66,FALSE
BS0966,M061,TP0076,Ajinkya Rahane,KKR v SRH,KKR,SRH,KKR,1,28,24,0,3,116.66,FALSE
BS0967,M061,TP0085,Nitish Rana,KKR v SRH,KKR,SRH,KKR,1,26,16,1,3,162.5,FALSE
BS0968,M061,TP0094,Shreyas Iyer,KKR v SRH,KKR,SRH,KKR,1,15,9,2,0,166.66,FALSE
BS0969,M061,TP0091,Sam Billings,KKR v SRH,KKR,SRH,KKR,1,34,29,3,1,117.24,FALSE
BS0970,M061,TP0090,Rinku Singh,KKR v SRH,KKR,SRH,KKR,1,5,6,0,0,83.33,FALSE
BS0971,M061,TP0079,Andre Russell,KKR v SRH,KKR,SRH,KKR,1,49,28,3,4,175,TRUE
BS0972,M061,TP0095,Sunil Narine,KKR v SRH,KKR,SRH,KKR,1,1,2,0,0,50,TRUE
BS0973,M061,TP0219,Abhishek Sharma,KKR v SRH,KKR,SRH,SRH,2,43,28,4,2,153.57,FALSE
BS0974,M061,TP0059,Kane Williamson,KKR v SRH,KKR,SRH,SRH,2,9,17,1,0,52.94,FALSE
BS0975,M061,TP0231,Rahul Tripathi,KKR v SRH,KKR,SRH,SRH,2,9,12,1,0,75,FALSE
BS0976,M061,TP0220,Aiden Markram,KKR v SRH,KKR,SRH,SRH,2,32,25,0,3,128,FALSE
BS0977,M061,TP0228,Nicholas Pooran,KKR v SRH,KKR,SRH,SRH,2,2,3,0,0,66.66,FALSE
BS0978,M061,TP0240,Washington Sundar,KKR v SRH,KKR,SRH,SRH,2,4,9,0,0,44.44,FALSE
BS0979,M061,TP0235,Shashank Singh,KKR v SRH,KKR,SRH,SRH,2,11,12,1,0,91.66,FALSE
BS0980,M061,TP0227,Marco Jansen,KKR v SRH,KKR,SRH,SRH,2,1,2,0,0,50,FALSE
BS0981,M061,TP0221,Bhuvneshwar Kumar,KKR v SRH,KKR,SRH,SRH,2,6,7,1,0,85.71,TRUE
BS0982,M061,TP0238,Umran Malik,KKR v SRH,KKR,SRH,SRH,2,3,5,0,0,60,TRUE
BS0983,M062,TP0020,Ruturaj Gaikwad,CSK v GT,CSK,GT,CSK,1,53,49,4,1,108.16,FALSE
BS0984,M062,TP0006,Devon Conway,CSK v GT,CSK,GT,CSK,1,5,9,0,0,55.55,FALSE
BS0985,M062,TP0242,Moeen Ali,CSK v GT,CSK,GT,CSK,1,21,17,0,2,123.52,FALSE
BS0986,M062,TP0015,N Jagadeesan,CSK v GT,CSK,GT,CSK,1,39,33,3,1,118.18,TRUE
BS0987,M062,TP0021,Shivam Dube,CSK v GT,CSK,GT,CSK,1,0,2,0,0,0,FALSE
BS0988,M062,TP0013,MS Dhoni,CSK v GT,CSK,GT,CSK,1,7,10,0,0,70,FALSE
BS0989,M062,TP0012,Mitchell Santner,CSK v GT,CSK,GT,CSK,1,1,1,0,0,100,TRUE
BS0990,M062,TP0072,Wriddhiman Saha,CSK v GT,CSK,GT,GT,2,67,57,8,1,117.54,TRUE
BS0991,M062,TP0069,Shubman Gill,CSK v GT,CSK,GT,GT,2,18,17,3,0,105.88,FALSE
BS0992,M062,TP0061,Matthew Wade,CSK v GT,CSK,GT,GT,2,20,15,2,0,133.33,FALSE
BS0993,M062,TP0056,Hardik Pandya,CSK v GT,CSK,GT,GT,2,7,6,1,0,116.66,FALSE
BS0994,M062,TP0053,David Miller,CSK v GT,CSK,GT,GT,2,15,20,1,0,75,TRUE
BS0995,M063,TP0194,Yashasvi Jaiswal,LSG v RR,LSG,RR,RR,1,41,29,6,1,141.37,FALSE
BS0996,M063,TP0177,Jos Buttler,LSG v RR,LSG,RR,RR,1,2,6,0,0,33.33,FALSE
BS0997,M063,TP0189,Sanju Samson,LSG v RR,LSG,RR,RR,1,32,24,6,0,133.33,FALSE
BS0998,M063,TP0174,Devdutt Padikkal,LSG v RR,LSG,RR,RR,1,39,18,5,2,216.66,FALSE
BS0999,M063,TP0188,Riyan Parag,LSG v RR,LSG,RR,RR,1,19,16,0,1,118.75,FALSE
BS1000,M063,TP0176,James Neesham,LSG v RR,LSG,RR,RR,1,14,12,2,0,116.66,FALSE
BS1001,M063,TP0186,R Ashwin,LSG v RR,LSG,RR,RR,1,10,7,1,0,142.85,TRUE
BS1002,M063,TP0193,Trent Boult,LSG v RR,LSG,RR,RR,1,17,9,2,0,188.88,TRUE
BS1003,M063,TP0118,Quinton de Kock,LSG v RR,LSG,RR,LSG,2,7,8,1,0,87.5,FALSE
BS1004,M063,TP0109,KL Rahul,LSG v RR,LSG,RR,LSG,2,10,19,0,1,52.63,FALSE
BS1005,M063,TP0103,Ayush Badoni,LSG v RR,LSG,RR,LSG,2,0,1,0,0,0,FALSE
BS1006,M063,TP0104,Deepak Hooda,LSG v RR,LSG,RR,LSG,2,59,39,5,2,151.28,FALSE
BS1007,M063,TP0111,Krunal Pandya,LSG v RR,LSG,RR,LSG,2,25,23,1,1,108.69,FALSE
BS1008,M063,TP0243,Marcus Stoinis,LSG v RR,LSG,RR,LSG,2,27,17,1,2,158.82,FALSE
BS1009,M063,TP0107,Jason Holder,LSG v RR,LSG,RR,LSG,2,1,2,0,0,50,FALSE
BS1010,M063,TP0105,Dushmanta Chameera,LSG v RR,LSG,RR,LSG,2,0,2,0,0,0,FALSE
BS1011,M063,TP0117,Mohsin Khan,LSG v RR,LSG,RR,LSG,2,9,7,1,0,128.57,TRUE
BS1012,M063,TP0102,Avesh Khan,LSG v RR,LSG,RR,LSG,2,1,2,0,0,50,TRUE
BS1013,M064,TP0028,David Warner,PK v DC,PK,DC,DC,1,0,1,0,0,0,FALSE
BS1014,M064,TP0043,Sarfaraz Khan,PK v DC,PK,DC,DC,1,32,16,5,1,200,FALSE
BS1015,M064,TP0036,Mitchell Marsh,PK v DC,PK,DC,DC,1,63,48,4,3,131.25,FALSE
BS1016,M064,TP0033,Lalit Yadav,PK v DC,PK,DC,DC,1,24,21,1,1,114.28,FALSE
BS1017,M064,TP0041,Rishabh Pant,PK v DC,PK,DC,DC,1,7,3,0,1,233.33,FALSE
BS1018,M064,TP0042,Rovman Powell,PK v DC,PK,DC,DC,1,2,6,0,0,33.33,FALSE
BS1019,M064,TP0241,Axar Patel,PK v DC,PK,DC,DC,1,17,20,2,0,85,TRUE
BS1020,M064,TP0044,Shardul Thakur,PK v DC,PK,DC,DC,1,3,4,0,0,75,FALSE
BS1021,M064,TP0032,Kuldeep Yadav,PK v DC,PK,DC,DC,1,2,2,0,0,100,TRUE
BS1022,M064,TP0155,Jonny Bairstow,PK v DC,PK,DC,PK,2,28,15,4,1,186.66,FALSE
BS1023,M064,TP0168,Shikhar Dhawan,PK v DC,PK,DC,PK,2,19,16,3,0,118.75,FALSE
BS1024,M064,TP0151,Bhanuka Rajapaksa,PK v DC,PK,DC,PK,2,4,5,1,0,80,FALSE
BS1025,M064,TP0157,Liam Livingstone,PK v DC,PK,DC,PK,2,3,5,0,0,60,FALSE
BS1026,M064,TP0158,Mayank Agarwal,PK v DC,PK,DC,PK,2,0,2,0,0,0,FALSE
BS1027,M064,TP0154,Jitesh Sharma,PK v DC,PK,DC,PK,2,44,34,3,2,129.41,FALSE
BS1028,M064,TP0152,Harpreet Brar,PK v DC,PK,DC,PK,2,1,2,0,0,50,FALSE
BS1029,M064,TP0165,Rishi Dhawan,PK v DC,PK,DC,PK,2,4,13,0,0,30.76,FALSE
BS1030,M064,TP0163,Rahul Chahar,PK v DC,PK,DC,PK,2,25,24,2,1,104.16,TRUE
BS1031,M064,TP0156,Kagiso Rabada,PK v DC,PK,DC,PK,2,6,2,0,1,300,FALSE
BS1032,M064,TP0147,Arshdeep Singh,PK v DC,PK,DC,PK,2,2,3,0,0,66.66,TRUE
BS1033,M065,TP0219,Abhishek Sharma,MI v SRH,MI,SRH,SRH,1,9,10,1,0,90,FALSE
BS1034,M065,TP0229,Priyam Garg,MI v SRH,MI,SRH,SRH,1,42,26,4,2,161.53,FALSE
BS1035,M065,TP0231,Rahul Tripathi,MI v SRH,MI,SRH,SRH,1,76,44,9,3,172.72,FALSE
BS1036,M065,TP0228,Nicholas Pooran,MI v SRH,MI,SRH,SRH,1,38,22,2,3,172.72,FALSE
BS1037,M065,TP0220,Aiden Markram,MI v SRH,MI,SRH,SRH,1,2,4,0,0,50,FALSE
BS1038,M065,TP0059,Kane Williamson,MI v SRH,MI,SRH,SRH,1,8,7,1,0,114.28,TRUE
BS1039,M065,TP0240,Washington Sundar,MI v SRH,MI,SRH,SRH,1,9,7,0,0,128.57,FALSE
BS1040,M065,TP0140,Rohit Sharma,MI v SRH,MI,SRH,MI,2,48,36,2,4,133.33,FALSE
BS1041,M065,TP0128,Ishan Kishan,MI v SRH,MI,SRH,MI,2,43,34,5,1,126.47,FALSE
BS1042,M065,TP0124,Daniel Sams,MI v SRH,MI,SRH,MI,2,15,11,0,1,136.36,FALSE
BS1043,M065,TP0143,Tilak Varma,MI v SRH,MI,SRH,MI,2,8,9,1,0,88.88,FALSE
BS1044,M065,TP0144,Tim David,MI v SRH,MI,SRH,MI,2,46,18,3,4,255.55,FALSE
BS1045,M065,TP0144,Tim David,MI v SRH,MI,SRH,MI,2,2,2,0,0,100,FALSE
BS1046,M065,TP0138,Ramandeep Singh,MI v SRH,MI,SRH,MI,2,14,6,1,1,233.33,TRUE
BS1047,M065,TP0141,Sanjay Yadav,MI v SRH,MI,SRH,MI,2,0,2,0,0,0,FALSE
BS1048,M065,TP0129,Jasprit Bumrah,MI v SRH,MI,SRH,MI,2,0,4,0,0,0,TRUE
BS1049,M066,TP0118,Quinton de Kock,KKR v LSG,KKR,LSG,LSG,1,140,70,10,10,200,TRUE
BS1050,M066,TP0109,KL Rahul,KKR v LSG,KKR,LSG,LSG,1,68,51,3,4,133.33,TRUE
BS1051,M066,TP0099,Venkatesh Iyer,KKR v LSG,KKR,LSG,KKR,2,0,4,0,0,0,FALSE
BS1052,M066,TP0075,Abhijeet Tomar,KKR v LSG,KKR,LSG,KKR,2,4,8,1,0,50,FALSE
BS1053,M066,TP0085,Nitish Rana,KKR v LSG,KKR,LSG,KKR,2,42,22,9,0,190.9,FALSE
BS1054,M066,TP0094,Shreyas Iyer,KKR v LSG,KKR,LSG,KKR,2,50,29,4,3,172.41,FALSE
BS1055,M066,TP0091,Sam Billings,KKR v LSG,KKR,LSG,KKR,2,36,24,2,3,150,FALSE
BS1056,M066,TP0079,Andre Russell,KKR v LSG,KKR,LSG,KKR,2,5,11,0,0,45.45,FALSE
BS1057,M066,TP0090,Rinku Singh,KKR v LSG,KKR,LSG,KKR,2,40,15,2,4,266.66,FALSE
BS1058,M066,TP0095,Sunil Narine,KKR v LSG,KKR,LSG,KKR,2,21,7,0,3,300,TRUE
BS1059,M066,TP0097,Umesh Yadav,KKR v LSG,KKR,LSG,KKR,2,0,1,0,0,0,FALSE
BS1060,M067,TP0072,Wriddhiman Saha,RCB v GT,RCB,GT,GT,1,31,22,4,1,140.9,FALSE
BS1061,M067,TP0069,Shubman Gill,RCB v GT,RCB,GT,GT,1,1,4,0,0,25,FALSE
BS1062,M067,TP0061,Matthew Wade,RCB v GT,RCB,GT,GT,1,16,13,2,1,123.07,FALSE
BS1063,M067,TP0056,Hardik Pandya,RCB v GT,RCB,GT,GT,1,62,47,4,3,131.91,TRUE
BS1064,M067,TP0053,David Miller,RCB v GT,RCB,GT,GT,1,34,25,0,3,136,FALSE
BS1065,M067,TP0066,Rahul Tewatia,RCB v GT,RCB,GT,GT,1,2,3,0,0,66.66,FALSE
BS1066,M067,TP0067,Rashid Khan,RCB v GT,RCB,GT,GT,1,19,6,1,2,316.66,TRUE
BS1067,M067,TP0216,Virat Kohli,RCB v GT,RCB,GT,RCB,2,73,54,8,2,135.18,FALSE
BS1068,M067,TP0202,Faf du Plessis,RCB v GT,RCB,GT,RCB,2,44,38,5,0,115.78,FALSE
BS1069,M067,TP0204,Glenn Maxwell,RCB v GT,RCB,GT,RCB,2,40,18,5,2,222.22,TRUE
BS1070,M067,TP0201,Dinesh Karthik,RCB v GT,RCB,GT,RCB,2,2,2,0,0,100,TRUE
BS1071,M068,TP0020,Ruturaj Gaikwad,RR v CSK,RR,CSK,CSK,1,2,6,0,0,33.33,FALSE
BS1072,M068,TP0006,Devon Conway,RR v CSK,RR,CSK,CSK,1,16,14,1,1,114.28,FALSE
BS1073,M068,TP0242,Moeen Ali,RR v CSK,RR,CSK,CSK,1,93,57,13,3,163.15,FALSE
BS1074,M068,TP0015,N Jagadeesan,RR v CSK,RR,CSK,CSK,1,1,4,0,0,25,FALSE
BS1075,M068,TP0002,Ambati Rayudu,RR v CSK,RR,CSK,CSK,1,3,6,0,0,50,FALSE
BS1076,M068,TP0013,MS Dhoni,RR v CSK,RR,CSK,CSK,1,26,28,1,1,92.85,FALSE
BS1077,M068,TP0012,Mitchell Santner,RR v CSK,RR,CSK,CSK,1,1,2,0,0,50,TRUE
BS1078,M068,TP0022,Simarjeet Singh,RR v CSK,RR,CSK,CSK,1,3,3,0,0,100,TRUE
BS1079,M068,TP0194,Yashasvi Jaiswal,RR v CSK,RR,CSK,RR,2,59,44,8,1,134.09,FALSE
BS1080,M068,TP0177,Jos Buttler,RR v CSK,RR,CSK,RR,2,2,5,0,0,40,FALSE
BS1081,M068,TP0189,Sanju Samson,RR v CSK,RR,CSK,RR,2,15,20,2,0,75,FALSE
BS1082,M068,TP0174,Devdutt Padikkal,RR v CSK,RR,CSK,RR,2,3,9,0,0,33.33,FALSE
BS1083,M068,TP0186,R Ashwin,RR v CSK,RR,CSK,RR,2,40,23,2,3,173.91,TRUE
BS1084,M068,TP0190,Shimron Hetmyer,RR v CSK,RR,CSK,RR,2,6,7,1,0,85.71,FALSE
BS1085,M068,TP0188,Riyan Parag,RR v CSK,RR,CSK,RR,2,10,10,1,0,100,TRUE
BS1086,M069,TP0039,Prithvi Shaw,MI v DC,MI,DC,DC,1,24,23,2,1,104.34,FALSE
BS1087,M069,TP0028,David Warner,MI v DC,MI,DC,DC,1,5,6,1,0,83.33,FALSE
BS1088,M069,TP0036,Mitchell Marsh,MI v DC,MI,DC,DC,1,0,1,0,0,0,FALSE
BS1089,M069,TP0041,Rishabh Pant,MI v DC,MI,DC,DC,1,39,33,4,1,118.18,FALSE
BS1090,M069,TP0043,Sarfaraz Khan,MI v DC,MI,DC,DC,1,10,7,0,1,142.85,FALSE
BS1091,M069,TP0042,Rovman Powell,MI v DC,MI,DC,DC,1,43,34,1,4,126.47,FALSE
BS1092,M069,TP0241,Axar Patel,MI v DC,MI,DC,DC,1,19,10,0,2,190,TRUE
BS1093,M069,TP0044,Shardul Thakur,MI v DC,MI,DC,DC,1,4,5,0,0,80,FALSE
BS1094,M069,TP0032,Kuldeep Yadav,MI v DC,MI,DC,DC,1,1,1,0,0,100,TRUE
BS1095,M069,TP0128,Ishan Kishan,MI v DC,MI,DC,MI,2,48,35,3,4,137.14,FALSE
BS1096,M069,TP0140,Rohit Sharma,MI v DC,MI,DC,MI,2,2,13,0,0,15.38,FALSE
BS1097,M069,TP0125,Dewald Brevis,MI v DC,MI,DC,MI,2,37,33,1,3,112.12,FALSE
BS1098,M069,TP0143,Tilak Varma,MI v DC,MI,DC,MI,2,21,17,1,1,123.52,FALSE
BS1099,M069,TP0144,Tim David,MI v DC,MI,DC,MI,2,34,11,2,4,309.09,FALSE
BS1100,M069,TP0138,Ramandeep Singh,MI v DC,MI,DC,MI,2,13,6,2,0,216.66,TRUE
BS1101,M069,TP0124,Daniel Sams,MI v DC,MI,DC,MI,2,0,1,0,0,0,TRUE
BS1102,M070,TP0229,Priyam Garg,SRH v PK,SRH,PK,SRH,1,4,7,0,0,57.14,FALSE
BS1103,M070,TP0219,Abhishek Sharma,SRH v PK,SRH,PK,SRH,1,43,32,5,2,134.37,FALSE
BS1104,M070,TP0231,Rahul Tripathi,SRH v PK,SRH,PK,SRH,1,20,18,1,1,111.11,FALSE
BS1105,M070,TP0220,Aiden Markram,SRH v PK,SRH,PK,SRH,1,21,17,2,0,123.52,FALSE
BS1106,M070,TP0228,Nicholas Pooran,SRH v PK,SRH,PK,SRH,1,5,10,0,0,50,FALSE
BS1107,M070,TP0240,Washington Sundar,SRH v PK,SRH,PK,SRH,1,25,19,3,1,131.57,FALSE
BS1108,M070,TP0232,Romario Shepherd,SRH v PK,SRH,PK,SRH,1,26,15,2,2,173.33,TRUE
BS1109,M070,TP0225,Jagadeesha Suchith,SRH v PK,SRH,PK,SRH,1,0,1,0,0,0,FALSE
BS1110,M070,TP0221,Bhuvneshwar Kumar,SRH v PK,SRH,PK,SRH,1,1,1,0,0,100,FALSE
BS1111,M070,TP0238,Umran Malik,SRH v PK,SRH,PK,SRH,1,0,1,0,0,0,TRUE
BS1112,M070,TP0155,Jonny Bairstow,SRH v PK,SRH,PK,PK,2,23,15,5,0,153.33,FALSE
BS1113,M070,TP0168,Shikhar Dhawan,SRH v PK,SRH,PK,PK,2,39,32,2,2,121.87,FALSE
BS1114,M070,TP0167,Shahrukh Khan,SRH v PK,SRH,PK,PK,2,19,10,2,1,190,FALSE
BS1115,M070,TP0158,Mayank Agarwal,SRH v PK,SRH,PK,PK,2,1,4,0,0,25,FALSE
BS1116,M070,TP0157,Liam Livingstone,SRH v PK,SRH,PK,PK,2,49,22,2,5,222.72,TRUE
BS1117,M070,TP0154,Jitesh Sharma,SRH v PK,SRH,PK,PK,2,19,7,3,1,271.42,FALSE
BS1118,M070,TP0162,Prerak Mankad,SRH v PK,SRH,PK,PK,2,4,1,1,0,400,TRUE
BS1119,M071,TP0194,Yashasvi Jaiswal,GT v RR,GT,RR,RR,1,3,8,0,0,37.5,FALSE
BS1120,M071,TP0177,Jos Buttler,GT v RR,GT,RR,RR,1,89,56,12,2,158.92,FALSE
BS1121,M071,TP0189,Sanju Samson,GT v RR,GT,RR,RR,1,47,26,5,3,180.76,FALSE
BS1122,M071,TP0174,Devdutt Padikkal,GT v RR,GT,RR,RR,1,28,20,2,2,140,FALSE
BS1123,M071,TP0190,Shimron Hetmyer,GT v RR,GT,RR,RR,1,4,7,0,0,57.14,FALSE
BS1124,M071,TP0188,Riyan Parag,GT v RR,GT,RR,RR,1,4,3,0,0,133.33,FALSE
BS1125,M071,TP0186,R Ashwin,GT v RR,GT,RR,RR,1,2,1,0,0,200,TRUE
BS1126,M071,TP0193,Trent Boult,GT v RR,GT,RR,RR,1,0,0,0,0,0,TRUE
BS1127,M071,TP0072,Wriddhiman Saha,GT v RR,GT,RR,GT,2,0,2,0,0,0,FALSE
BS1128,M071,TP0069,Shubman Gill,GT v RR,GT,RR,GT,2,35,21,5,1,166.66,FALSE
BS1129,M071,TP0061,Matthew Wade,GT v RR,GT,RR,GT,2,35,30,6,0,116.66,FALSE
BS1130,M071,TP0056,Hardik Pandya,GT v RR,GT,RR,GT,2,40,27,5,0,148.14,TRUE
BS1131,M071,TP0053,David Miller,GT v RR,GT,RR,GT,2,68,38,3,5,178.94,TRUE
BS1132,M072,TP0216,Virat Kohli,LSG v RCB,LSG,RCB,RCB,1,25,24,2,0,104.16,FALSE
BS1133,M072,TP0202,Faf du Plessis,LSG v RCB,LSG,RCB,RCB,1,0,1,0,0,0,FALSE
BS1134,M072,TP0215,Suyash Prabhudessai,LSG v RCB,LSG,RCB,RCB,1,112,54,12,7,207.4,TRUE
BS1135,M072,TP0204,Glenn Maxwell,LSG v RCB,LSG,RCB,RCB,1,9,10,0,1,90,FALSE
BS1136,M072,TP0210,Mahipal Lomror,LSG v RCB,LSG,RCB,RCB,1,14,9,2,0,155.55,FALSE
BS1137,M072,TP0201,Dinesh Karthik,LSG v RCB,LSG,RCB,RCB,1,37,23,5,1,160.86,TRUE
BS1138,M072,TP0118,Quinton de Kock,LSG v RCB,LSG,RCB,LSG,2,6,5,0,1,120,FALSE
BS1139,M072,TP0109,KL Rahul,LSG v RCB,LSG,RCB,LSG,2,79,58,3,5,136.2,FALSE
BS1140,M072,TP0113,Manan Vohra,LSG v RCB,LSG,RCB,LSG,2,19,11,1,2,172.72,FALSE
BS1141,M072,TP0104,Deepak Hooda,LSG v RCB,LSG,RCB,LSG,2,45,26,1,4,173.07,FALSE
BS1142,M072,TP0243,Marcus Stoinis,LSG v RCB,LSG,RCB,LSG,2,9,9,0,1,100,FALSE
BS1143,M072,TP0106,Evin Lewis,LSG v RCB,LSG,RCB,LSG,2,2,6,0,0,33.33,TRUE
BS1144,M072,TP0111,Krunal Pandya,LSG v RCB,LSG,RCB,LSG,2,0,1,0,0,0,FALSE
BS1145,M072,TP0105,Dushmanta Chameera,LSG v RCB,LSG,RCB,LSG,2,11,4,1,1,275,TRUE
BS1146,M073,TP0216,Virat Kohli,RR v RCB,RR,RCB,RCB,1,7,8,0,1,87.5,FALSE
BS1147,M073,TP0202,Faf du Plessis,RR v RCB,RR,RCB,RCB,1,25,27,3,0,92.59,FALSE
BS1148,M073,TP0215,Suyash Prabhudessai,RR v RCB,RR,RCB,RCB,1,58,42,4,3,138.09,FALSE
BS1149,M073,TP0204,Glenn Maxwell,RR v RCB,RR,RCB,RCB,1,24,13,1,2,184.61,FALSE
BS1150,M073,TP0210,Mahipal Lomror,RR v RCB,RR,RCB,RCB,1,8,10,0,0,80,FALSE
BS1151,M073,TP0201,Dinesh Karthik,RR v RCB,RR,RCB,RCB,1,6,7,0,0,85.71,FALSE
BS1152,M073,TP0212,Shahbaz Ahamad,RR v RCB,RR,RCB,RCB,1,12,8,1,1,150,TRUE
BS1153,M073,TP0217,Wanindu Hasaranga,RR v RCB,RR,RCB,RCB,1,0,1,0,0,0,FALSE
BS1154,M073,TP0205,Harshal Patel,RR v RCB,RR,RCB,RCB,1,1,2,0,0,50,FALSE
BS1155,M073,TP0207,Josh Hazlewood,RR v RCB,RR,RCB,RCB,1,1,2,0,0,50,TRUE
BS1156,M073,TP0194,Yashasvi Jaiswal,RR v RCB,RR,RCB,RR,2,21,13,1,2,161.53,FALSE
BS1157,M073,TP0177,Jos Buttler,RR v RCB,RR,RCB,RR,2,106,60,10,6,176.66,TRUE
BS1158,M073,TP0189,Sanju Samson,RR v RCB,RR,RCB,RR,2,23,21,1,2,109.52,FALSE
BS1159,M073,TP0174,Devdutt Padikkal,RR v RCB,RR,RCB,RR,2,9,12,0,0,75,FALSE
BS1160,M073,TP0190,Shimron Hetmyer,RR v RCB,RR,RCB,RR,2,2,3,0,0,66.66,TRUE
BS1161,M074,TP0194,Yashasvi Jaiswal,GT v RR,GT,RR,RR,1,22,16,1,2,137.5,FALSE
BS1162,M074,TP0177,Jos Buttler,GT v RR,GT,RR,RR,1,39,35,5,0,111.42,FALSE
BS1163,M074,TP0189,Sanju Samson,GT v RR,GT,RR,RR,1,14,11,2,0,127.27,FALSE
BS1164,M074,TP0174,Devdutt Padikkal,GT v RR,GT,RR,RR,1,2,10,0,0,20,FALSE
BS1165,M074,TP0190,Shimron Hetmyer,GT v RR,GT,RR,RR,1,11,12,2,0,91.66,FALSE
BS1166,M074,TP0186,R Ashwin,GT v RR,GT,RR,RR,1,6,9,0,0,66.66,FALSE
BS1167,M074,TP0188,Riyan Parag,GT v RR,GT,RR,RR,1,15,15,1,0,100,FALSE
BS1168,M074,TP0193,Trent Boult,GT v RR,GT,RR,RR,1,11,7,0,1,157.14,FALSE
BS1169,M074,TP0184,Obed McCoy,GT v RR,GT,RR,RR,1,8,5,0,1,160,FALSE
BS1170,M074,TP0185,Prasidh Krishna,GT v RR,GT,RR,RR,1,0,0,0,0,0,TRUE
BS1171,M074,TP0072,Wriddhiman Saha,GT v RR,GT,RR,GT,2,5,7,1,0,71.42,FALSE
BS1172,M074,TP0069,Shubman Gill,GT v RR,GT,RR,GT,2,45,43,3,1,104.65,TRUE
BS1173,M074,TP0061,Matthew Wade,GT v RR,GT,RR,GT,2,8,10,0,1,80,FALSE
BS1174,M074,TP0056,Hardik Pandya,GT v RR,GT,RR,GT,2,34,30,3,1,113.33,FALSE
BS1175,M074,TP0053,David Miller,GT v RR,GT,RR,GT,2,32,19,3,1,168.42,TRUE
