BWSID,MatchID,PlayerID,PlayerName,MatchName,HomeTeam,AwayTeam,CurrentInnings,InningsID,Overs,Maidens,Conceded,Wickets,EconomyRate,Dots,FoursConceded,SixesConceded,Wides,Noballs
BWS0001,M001,TP0097,Umesh Yadav,CSK v KKR,CSK,KKR,KKR,1,4,0,20,2,5,15,1,1,2,1
BWS0002,M001,TP0093,Shivam Mavi,CSK v KKR,CSK,KKR,KKR,1,4,0,35,0,8.75,12,3,2,1,1
BWS0003,M001,TP0098,Varun Chakravarty,CSK v KKR,CSK,KKR,KKR,1,4,0,23,1,5.75,11,1,1,1,0
BWS0004,M001,TP0095,Sunil Narine,CSK v KKR,CSK,KKR,KKR,1,4,0,15,0,3.75,10,0,0,0,0
BWS0005,M001,TP0079,Andre Russell,CSK v KKR,CSK,KKR,KKR,1,4,0,38,1,9.5,7,5,1,0,0
BWS0006,M001,TP0024,Tushar Deshpande,CSK v KKR,CSK,KKR,CSK,2,3,0,23,0,7.66,9,4,0,0,0
BWS0007,M001,TP0001,Adam Milne,CSK v KKR,CSK,KKR,CSK,2,2.3,0,19,0,7.6,9,2,1,0,0
BWS0008,M001,TP0012,Mitchell Santner,CSK v KKR,CSK,KKR,CSK,2,4,0,31,1,7.75,5,1,1,0,0
BWS0009,M001,TP0008,Dwayne Bravo,CSK v KKR,CSK,KKR,CSK,2,4,0,20,3,5,11,2,0,0,0
BWS0010,M001,TP0021,Shivam Dube,CSK v KKR,CSK,KKR,CSK,2,1,0,11,0,11,1,2,0,0,0
BWS0011,M001,TP0018,Ravindra Jadeja,CSK v KKR,CSK,KKR,CSK,2,4,0,25,0,6.25,8,1,1,0,0
BWS0012,M002,TP0044,Shardul Thakur,DC v MI,DC,MI,DC,1,4,0,47,0,11.75,8,3,4,1,0
BWS0013,M002,TP0031,Khaleel Ahmed,DC v MI,DC,MI,DC,1,4,0,27,2,6.75,13,5,0,0,0
BWS0014,M002,TP0241,Axar Patel,DC v MI,DC,MI,DC,1,4,0,40,0,10,3,4,1,0,0
BWS0015,M002,TP0030,Kamlesh Nagarkoti,DC v MI,DC,MI,DC,1,2,0,29,0,14.5,4,5,1,1,0
BWS0016,M002,TP0032,Kuldeep Yadav,DC v MI,DC,MI,DC,1,4,0,18,3,4.5,8,0,0,0,0
BWS0017,M002,TP0033,Lalit Yadav,DC v MI,DC,MI,DC,1,2,0,15,0,7.5,2,1,0,0,0
BWS0018,M002,TP0124,Daniel Sams,DC v MI,DC,MI,MI,2,4,0,57,0,14.25,4,6,3,2,0
BWS0019,M002,TP0129,Jasprit Bumrah,DC v MI,DC,MI,MI,2,3.2,0,43,0,12.9,4,7,1,0,0
BWS0020,M002,TP0123,Basil Thampi,DC v MI,DC,MI,MI,2,4,0,35,3,8.75,11,2,2,3,0
BWS0021,M002,TP0135,Murugan Ashwin,DC v MI,DC,MI,MI,2,4,0,14,2,3.5,14,1,0,0,0
BWS0022,M002,TP0145,Tymal Mills,DC v MI,DC,MI,MI,2,3,0,26,1,8.66,6,2,1,2,0
BWS0023,M003,TP0166,Sandeep Sharma,PK v RCB,PK,RCB,PK,1,4,0,37,0,9.25,10,4,2,0,0
BWS0024,M003,TP0147,Arshdeep Singh,PK v RCB,PK,RCB,PK,1,4,0,31,1,7.75,11,0,2,3,0
BWS0025,M003,TP0160,Odean Smith,PK v RCB,PK,RCB,PK,1,4,0,52,0,13,9,5,4,1,0
BWS0026,M003,TP0163,Rahul Chahar,PK v RCB,PK,RCB,PK,1,4,0,22,1,5.5,8,0,0,1,0
BWS0027,M003,TP0152,Harpreet Brar,PK v RCB,PK,RCB,PK,1,3,0,38,0,12.66,5,0,4,1,0
BWS0028,M003,TP0157,Liam Livingstone,PK v RCB,PK,RCB,PK,1,1,0,14,0,14,1,0,1,1,0
BWS0029,M003,TP0200,David Willey,PK v RCB,PK,RCB,RCB,2,3,0,28,0,9.33,5,3,1,0,0
BWS0030,M003,TP0211,Mohammed Siraj,PK v RCB,PK,RCB,RCB,2,4,0,59,2,14.75,9,3,4,6,0
BWS0031,M003,TP0212,Shahbaz Ahamad,PK v RCB,PK,RCB,RCB,2,1,0,6,0,6,3,1,0,0,0
BWS0032,M003,TP0196,Akash Deep,PK v RCB,PK,RCB,RCB,2,3,0,38,1,12.66,4,2,3,0,0
BWS0033,M003,TP0217,Wanindu Hasaranga,PK v RCB,PK,RCB,RCB,2,4,0,40,1,10,10,1,4,1,0
BWS0034,M003,TP0205,Harshal Patel,PK v RCB,PK,RCB,RCB,2,4,0,36,1,9,10,1,2,5,0
BWS0035,M004,TP0062,Dushmanta Chameera,GT v LSG,GT,LSG,GT,1,4,0,25,3,6.25,13,4,0,0,0
BWS0036,M004,TP0070,Varun Aaron,GT v LSG,GT,LSG,GT,1,4,0,45,2,11.25,5,6,1,3,0
BWS0037,M004,TP0060,Lockie Ferguson,GT v LSG,GT,LSG,GT,1,4,0,24,0,6,11,1,1,1,0
BWS0038,M004,TP0056,Hardik Pandya,GT v LSG,GT,LSG,GT,1,4,0,37,0,9.25,10,6,1,0,0
BWS0039,M004,TP0067,Rashid Khan,GT v LSG,GT,LSG,GT,1,4,0,27,1,6.75,8,0,2,0,0
BWS0040,M004,TP0105,Dushmanta Chameera,GT v LSG,GT,LSG,LSG,2,3,0,22,2,7.33,11,4,0,1,0
BWS0041,M004,TP0102,Avesh Khan,GT v LSG,GT,LSG,LSG,2,3.4,0,33,1,9,10,5,1,0,0
BWS0042,M004,TP0117,Mohsin Khan,GT v LSG,GT,LSG,LSG,2,2,0,18,0,9,4,3,0,0,0
BWS0043,M004,TP0115,Mark Wood,GT v LSG,GT,LSG,LSG,2,4,0,34,0,8.5,11,3,2,2,0
BWS0044,M004,TP0111,Krunal Pandya,GT v LSG,GT,LSG,LSG,2,4,0,17,1,4.25,12,1,0,0,0
BWS0045,M004,TP0104,Deepak Hooda,GT v LSG,GT,LSG,LSG,2,3,0,31,1,10.33,3,2,2,0,0
BWS0046,M005,TP0221,Bhuvneshwar Kumar,SRH v RR,SRH,RR,SRH,1,4,0,29,1,7.25,14,2,2,1,2
BWS0047,M005,TP0232,Romario Shepherd,SRH v RR,SRH,RR,SRH,1,4,0,33,1,8.25,12,3,2,1,0
BWS0048,M005,TP0238,Umran Malik,SRH v RR,SRH,RR,SRH,1,4,0,39,2,9.75,12,4,2,2,1
BWS0049,M005,TP0240,Washington Sundar,SRH v RR,SRH,RR,SRH,1,3,0,47,0,15.66,3,1,5,0,1
BWS0050,M005,TP0237,T Natarajan,SRH v RR,SRH,RR,SRH,1,4,0,43,2,10.75,8,5,2,2,0
BWS0051,M005,TP0219,Abhishek Sharma,SRH v RR,SRH,RR,SRH,1,1,0,15,0,15,1,1,1,0,0
BWS0052,M005,TP0193,Trent Boult,SRH v RR,SRH,RR,RR,2,4,1,23,2,5.75,16,2,1,3,0
BWS0053,M005,TP0185,Prasidh Krishna,SRH v RR,SRH,RR,RR,2,4,1,16,2,4,16,1,1,0,0
BWS0054,M005,TP0182,Nathan Coulter-Nile,SRH v RR,SRH,RR,RR,2,3,0,48,0,16,4,5,3,1,1
BWS0055,M005,TP0186,R Ashwin,SRH v RR,SRH,RR,RR,2,4,0,21,0,5.25,8,1,0,0,0
BWS0056,M005,TP0195,Yuzvendra Chahal,SRH v RR,SRH,RR,RR,2,4,0,22,3,5.5,8,1,0,0,0
BWS0057,M005,TP0188,Riyan Parag,SRH v RR,SRH,RR,RR,2,1,0,14,0,14,0,1,1,0,0
BWS0058,M006,TP0200,David Willey,RCB v KKR,RCB,KKR,RCB,1,2,0,7,0,3.5,6,0,0,0,0
BWS0059,M006,TP0211,Mohammed Siraj,RCB v KKR,RCB,KKR,RCB,1,4,0,25,1,6.25,13,4,0,0,0
BWS0060,M006,TP0196,Akash Deep,RCB v KKR,RCB,KKR,RCB,1,3.5,0,45,3,11.73,10,5,3,0,1
BWS0061,M006,TP0217,Wanindu Hasaranga,RCB v KKR,RCB,KKR,RCB,1,4,0,20,4,5,15,0,2,0,0
BWS0062,M006,TP0205,Harshal Patel,RCB v KKR,RCB,KKR,RCB,1,4,2,11,2,2.75,19,2,0,0,0
BWS0063,M006,TP0212,Shahbaz Ahamad,RCB v KKR,RCB,KKR,RCB,1,1,0,16,0,16,2,0,2,1,0
BWS0064,M006,TP0097,Umesh Yadav,RCB v KKR,RCB,KKR,KKR,2,4,0,16,2,4,14,2,0,0,0
BWS0065,M006,TP0096,Tim Southee,RCB v KKR,RCB,KKR,KKR,2,4,0,20,3,5,16,2,0,2,0
BWS0066,M006,TP0079,Andre Russell,RCB v KKR,RCB,KKR,KKR,2,2.2,0,36,0,15.42,6,2,3,1,1
BWS0067,M006,TP0095,Sunil Narine,RCB v KKR,RCB,KKR,KKR,2,4,0,12,1,3,13,0,0,0,0
BWS0068,M006,TP0098,Varun Chakravarty,RCB v KKR,RCB,KKR,KKR,2,4,0,33,1,8.25,11,3,2,1,0
BWS0069,M006,TP0099,Venkatesh Iyer,RCB v KKR,RCB,KKR,KKR,2,1,0,10,0,10,2,2,0,0,0
BWS0070,M007,TP0102,Avesh Khan,LSG v CSK,LSG,CSK,LSG,1,4,0,38,2,9.5,12,5,2,0,0
BWS0071,M007,TP0105,Dushmanta Chameera,LSG v CSK,LSG,CSK,LSG,1,4,0,49,0,12.25,6,6,2,1,0
BWS0072,M007,TP0100,Andrew Tye,LSG v CSK,LSG,CSK,LSG,1,4,0,40,2,10,10,6,1,1,0
BWS0073,M007,TP0111,Krunal Pandya,LSG v CSK,LSG,CSK,LSG,1,3,0,36,0,12,3,3,2,1,0
BWS0074,M007,TP0115,Mark Wood,LSG v CSK,LSG,CSK,LSG,1,4,0,24,2,6,11,3,0,0,0
BWS0075,M007,TP0104,Deepak Hooda,LSG v CSK,LSG,CSK,LSG,1,1,0,12,0,12,2,1,1,0,0
BWS0076,M007,TP0014,Mukesh Choudhary,LSG v CSK,LSG,CSK,CSK,2,3.3,0,39,0,11.14,8,4,2,3,0
BWS0077,M007,TP0024,Tushar Deshpande,LSG v CSK,LSG,CSK,CSK,2,4,0,40,1,10,9,6,1,1,0
BWS0078,M007,TP0008,Dwayne Bravo,LSG v CSK,LSG,CSK,CSK,2,4,0,35,1,8.75,6,2,1,3,0
BWS0079,M007,TP0018,Ravindra Jadeja,LSG v CSK,LSG,CSK,CSK,2,2,0,21,0,10.5,3,2,1,0,0
BWS0080,M007,TP0242,Moeen Ali,LSG v CSK,LSG,CSK,CSK,2,1,0,14,0,14,1,1,1,0,0
BWS0081,M007,TP0007,Dwaine Pretorius,LSG v CSK,LSG,CSK,CSK,2,4,0,31,2,7.75,9,1,1,3,0
BWS0082,M007,TP0021,Shivam Dube,LSG v CSK,LSG,CSK,CSK,2,1,0,25,0,25,0,2,2,2,0
BWS0083,M008,TP0097,Umesh Yadav,KKR v PK,KKR,PK,KKR,1,4,1,23,4,5.75,13,2,1,0,1
BWS0084,M008,TP0096,Tim Southee,KKR v PK,KKR,PK,KKR,1,4,0,36,2,9,14,5,2,0,1
BWS0085,M008,TP0093,Shivam Mavi,KKR v PK,KKR,PK,KKR,1,2,0,39,1,19.5,4,3,4,2,0
BWS0086,M008,TP0098,Varun Chakravarty,KKR v PK,KKR,PK,KKR,1,4,0,14,0,3.5,14,0,0,2,0
BWS0087,M008,TP0095,Sunil Narine,KKR v PK,KKR,PK,KKR,1,4,0,23,1,5.75,13,1,1,2,0
BWS0088,M008,TP0079,Andre Russell,KKR v PK,KKR,PK,KKR,1,0.2,0,0,1,0,2,0,0,0,0
BWS0089,M008,TP0147,Arshdeep Singh,KKR v PK,KKR,PK,PK,2,3,0,32,0,10.66,9,5,1,0,1
BWS0090,M008,TP0156,Kagiso Rabada,KKR v PK,KKR,PK,PK,2,3,0,23,1,7.66,8,3,0,1,0
BWS0091,M008,TP0160,Odean Smith,KKR v PK,KKR,PK,PK,2,2,0,39,1,19.5,4,3,4,0,1
BWS0092,M008,TP0163,Rahul Chahar,KKR v PK,KKR,PK,PK,2,4,1,13,2,3.25,13,0,0,1,0
BWS0093,M008,TP0152,Harpreet Brar,KKR v PK,KKR,PK,PK,2,2,0,20,0,10,4,0,2,1,0
BWS0094,M008,TP0157,Liam Livingstone,KKR v PK,KKR,PK,PK,2,0.3,0,13,0,26,0,0,2,0,0
BWS0095,M009,TP0129,Jasprit Bumrah,MI v RR,MI,RR,MI,1,4,0,17,3,4.25,16,3,0,0,0
BWS0096,M009,TP0124,Daniel Sams,MI v RR,MI,RR,MI,1,4,0,32,0,8,10,2,2,2,0
BWS0097,M009,TP0123,Basil Thampi,MI v RR,MI,RR,MI,1,1,0,26,0,26,1,2,3,0,0
BWS0098,M009,TP0135,Murugan Ashwin,MI v RR,MI,RR,MI,1,3,0,32,0,10.66,6,2,2,3,0
BWS0099,M009,TP0145,Tymal Mills,MI v RR,MI,RR,MI,1,4,0,35,3,8.75,10,3,2,0,0
BWS0100,M009,TP0132,Kieron Pollard,MI v RR,MI,RR,MI,1,4,0,46,1,11.5,5,5,2,1,0
BWS0101,M009,TP0193,Trent Boult,MI v RR,MI,RR,RR,2,4,0,29,1,7.25,11,3,1,1,0
BWS0102,M009,TP0185,Prasidh Krishna,MI v RR,MI,RR,RR,2,4,0,37,1,9.25,13,4,1,5,1
BWS0103,M009,TP0183,Navdeep Saini,MI v RR,MI,RR,RR,2,3,0,36,2,12,8,4,2,1,1
BWS0104,M009,TP0186,R Ashwin,MI v RR,MI,RR,RR,2,4,0,30,1,7.5,6,0,2,0,0
BWS0105,M009,TP0195,Yuzvendra Chahal,MI v RR,MI,RR,RR,2,4,0,26,2,6.5,11,2,1,1,0
BWS0106,M009,TP0188,Riyan Parag,MI v RR,MI,RR,RR,2,1,0,11,0,11,1,0,1,0,0
BWS0107,M010,TP0037,Mustafizur Rahman,GT v DC,GT,DC,DC,1,4,0,23,3,5.75,7,1,0,1,0
BWS0108,M010,TP0044,Shardul Thakur,GT v DC,GT,DC,DC,1,4,0,42,0,10.5,6,4,1,2,1
BWS0109,M010,TP0031,Khaleel Ahmed,GT v DC,GT,DC,DC,1,4,0,34,2,8.5,7,5,0,0,0
BWS0110,M010,TP0241,Axar Patel,GT v DC,GT,DC,DC,1,4,0,37,0,9.25,7,1,3,0,0
BWS0111,M010,TP0032,Kuldeep Yadav,GT v DC,GT,DC,DC,1,4,0,32,1,8,10,3,1,0,0
BWS0112,M010,TP0062,Mohammad Shami,GT v DC,GT,DC,GT,2,4,0,30,2,7.5,10,5,0,0,0
BWS0113,M010,TP0056,Hardik Pandya,GT v DC,GT,DC,GT,2,4,0,22,1,5.5,11,2,0,0,0
BWS0114,M010,TP0060,Lockie Ferguson,GT v DC,GT,DC,GT,2,4,0,28,4,7,12,5,0,1,0
BWS0115,M010,TP0067,Rashid Khan,GT v DC,GT,DC,GT,2,4,0,30,1,7.5,9,1,1,1,0
BWS0116,M010,TP0070,Varun Aaron,GT v DC,GT,DC,GT,2,1,0,7,0,7,2,1,0,0,0
BWS0117,M010,TP0071,Vijay Shankar,GT v DC,GT,DC,GT,2,1,0,14,0,14,2,3,0,1,0
BWS0118,M010,TP0066,Rahul Tewatia,GT v DC,GT,DC,GT,2,2,0,22,0,11,3,1,2,0,0
BWS0119,M011,TP0014,Mukesh Choudhary,CSK v PK,CSK,PK,CSK,1,4,0,52,1,13,11,5,4,3,0
BWS0120,M011,TP0004,Chris Jordan,CSK v PK,CSK,PK,CSK,1,4,0,23,2,5.75,12,0,1,1,0
BWS0121,M011,TP0008,Dwayne Bravo,CSK v PK,CSK,PK,CSK,1,3,0,32,1,10.66,8,3,2,2,0
BWS0122,M011,TP0018,Ravindra Jadeja,CSK v PK,CSK,PK,CSK,1,4,0,34,1,8.5,10,2,2,3,0
BWS0123,M011,TP0007,Dwaine Pretorius,CSK v PK,CSK,PK,CSK,1,4,0,30,2,7.5,11,2,1,4,0
BWS0124,M011,TP0242,Moeen Ali,CSK v PK,CSK,PK,CSK,1,1,0,8,0,8,3,0,1,0,0
BWS0125,M011,TP0169,Vaibhav Arora,CSK v PK,CSK,PK,PK,2,4,0,21,2,5.25,14,3,0,1,0
BWS0126,M011,TP0156,Kagiso Rabada,CSK v PK,CSK,PK,PK,2,3,0,28,1,9.33,11,2,2,0,2
BWS0127,M011,TP0147,Arshdeep Singh,CSK v PK,CSK,PK,PK,2,2,0,13,1,6.5,5,2,0,0,0
BWS0128,M011,TP0160,Odean Smith,CSK v PK,CSK,PK,PK,2,2,0,14,1,7,6,1,1,0,0
BWS0129,M011,TP0163,Rahul Chahar,CSK v PK,CSK,PK,PK,2,4,0,25,3,6.25,9,1,1,0,0
BWS0130,M011,TP0157,Liam Livingstone,CSK v PK,CSK,PK,PK,2,3,0,25,2,8.33,7,2,1,1,0
BWS0131,M012,TP0221,Bhuvneshwar Kumar,SRH v LSG,SRH,LSG,SRH,1,4,0,25,0,6.25,7,1,0,0,0
BWS0132,M012,TP0240,Washington Sundar,SRH v LSG,SRH,LSG,SRH,1,4,0,28,2,7,10,3,1,0,0
BWS0133,M012,TP0232,Romario Shepherd,SRH v LSG,SRH,LSG,SRH,1,4,0,42,2,10.5,10,3,3,1,0
BWS0134,M012,TP0238,Umran Malik,SRH v LSG,SRH,LSG,SRH,1,3,0,39,0,13,4,5,2,0,0
BWS0135,M012,TP0218,Abdul Samad,SRH v LSG,SRH,LSG,SRH,1,1,0,8,0,8,1,1,0,0,0
BWS0136,M012,TP0237,T Natarajan,SRH v LSG,SRH,LSG,SRH,1,4,0,26,2,6.5,6,1,0,0,0
BWS0137,M012,TP0107,Jason Holder,SRH v LSG,SRH,LSG,LSG,2,4,0,34,3,8.5,8,3,1,2,0
BWS0138,M012,TP0111,Krunal Pandya,SRH v LSG,SRH,LSG,LSG,2,4,0,27,2,6.75,8,0,2,0,0
BWS0139,M012,TP0102,Avesh Khan,SRH v LSG,SRH,LSG,LSG,2,4,0,24,4,6,15,2,1,1,0
BWS0140,M012,TP0100,Andrew Tye,SRH v LSG,SRH,LSG,LSG,2,4,0,39,0,9.75,6,5,1,1,0
BWS0141,M012,TP0115,Mark Wood,SRH v LSG,SRH,LSG,LSG,2,4,0,29,0,7.25,5,2,0,1,1
BWS0142,M013,TP0211,Mohammed Siraj,RR v RCB,RR,RCB,RCB,1,4,0,43,0,10.75,8,1,4,2,0
BWS0143,M013,TP0200,David Willey,RR v RCB,RR,RCB,RCB,1,4,0,29,1,7.25,8,2,1,0,0
BWS0144,M013,TP0196,Akash Deep,RR v RCB,RR,RCB,RCB,1,4,0,44,0,11,6,0,4,0,1
BWS0145,M013,TP0217,Wanindu Hasaranga,RR v RCB,RR,RCB,RCB,1,4,0,32,1,8,10,2,2,0,0
BWS0146,M013,TP0205,Harshal Patel,RR v RCB,RR,RCB,RCB,1,4,0,18,1,4.5,11,1,0,2,0
BWS0147,M013,TP0193,Trent Boult,RR v RCB,RR,RCB,RR,2,4,0,34,2,8.5,9,4,1,0,0
BWS0148,M013,TP0185,Prasidh Krishna,RR v RCB,RR,RCB,RR,2,4,0,40,0,10,9,6,1,2,0
BWS0149,M013,TP0186,R Ashwin,RR v RCB,RR,RCB,RR,2,4,0,39,0,9.75,10,5,1,3,1
BWS0150,M013,TP0195,Yuzvendra Chahal,RR v RCB,RR,RCB,RR,2,4,0,15,2,3.75,12,1,0,0,0
BWS0151,M013,TP0183,Navdeep Saini,RR v RCB,RR,RCB,RR,2,3,0,36,1,12,2,4,1,1,0
BWS0152,M013,TP0194,Yashasvi Jaiswal,RR v RCB,RR,RCB,RR,2,0.1,0,6,0,36,0,0,1,0,0
BWS0153,M014,TP0097,Umesh Yadav,KKR v MI,KKR,MI,KKR,1,4,0,25,1,6.25,12,2,1,0,0
BWS0154,M014,TP0089,Rasikh Dar,KKR v MI,KKR,MI,KKR,1,3,0,18,0,6,6,2,0,0,0
BWS0155,M014,TP0086,Pat Cummins,KKR v MI,KKR,MI,KKR,1,4,0,49,2,12.25,9,2,5,1,0
BWS0156,M014,TP0095,Sunil Narine,KKR v MI,KKR,MI,KKR,1,4,0,26,0,6.5,8,1,1,0,0
BWS0157,M014,TP0098,Varun Chakravarty,KKR v MI,KKR,MI,KKR,1,4,0,32,1,8,8,2,2,0,0
BWS0158,M014,TP0079,Andre Russell,KKR v MI,KKR,MI,KKR,1,1,0,9,0,9,3,2,0,0,0
BWS0159,M014,TP0123,Basil Thampi,KKR v MI,KKR,MI,MI,2,3,0,15,0,5,11,1,1,0,0
BWS0160,M014,TP0124,Daniel Sams,KKR v MI,KKR,MI,MI,2,3,0,50,1,16.66,4,4,4,0,1
BWS0161,M014,TP0129,Jasprit Bumrah,KKR v MI,KKR,MI,MI,2,3,0,26,0,8.66,7,3,1,0,0
BWS0162,M014,TP0145,Tymal Mills,KKR v MI,KKR,MI,MI,2,3,0,38,2,12.66,5,4,2,0,0
BWS0163,M014,TP0143,Tilak Varma,KKR v MI,KKR,MI,MI,2,1,0,6,0,6,3,1,0,0,0
BWS0164,M014,TP0135,Murugan Ashwin,KKR v MI,KKR,MI,MI,2,3,0,25,2,8.33,8,0,3,0,0
BWS0165,M015,TP0107,Jason Holder,LSG v DC,LSG,DC,LSG,1,4,0,30,0,7.5,8,1,1,3,0
BWS0166,M015,TP0108,K Gowtham,LSG v DC,LSG,DC,LSG,1,4,1,23,1,5.75,15,3,1,0,0
BWS0167,M015,TP0102,Avesh Khan,LSG v DC,LSG,DC,LSG,1,3,0,32,0,10.66,5,6,0,0,0
BWS0168,M015,TP0115,Mark Wood,LSG v DC,LSG,DC,LSG,1,4,0,22,2,5.5,12,3,0,0,0
BWS0169,M015,TP0100,Andrew Tye,LSG v DC,LSG,DC,LSG,1,3,0,28,0,9.33,8,2,2,1,0
BWS0170,M015,TP0111,Krunal Pandya,LSG v DC,LSG,DC,LSG,1,2,0,12,0,6,2,0,0,0,0
BWS0171,M015,TP0037,Mustafizur Rahman,LSG v DC,LSG,DC,DC,2,4,0,26,0,6.5,8,0,1,2,0
BWS0172,M015,TP0033,Lalit Yadav,LSG v DC,LSG,DC,DC,2,4,0,21,1,5.25,10,1,0,0,0
BWS0173,M015,TP0044,Shardul Thakur,LSG v DC,LSG,DC,DC,2,3.4,0,29,1,7.9,9,3,1,0,0
BWS0174,M015,TP0025,Anrich Nortje,LSG v DC,LSG,DC,DC,2,2.2,0,35,0,15,2,3,2,0,2
BWS0175,M015,TP0241,Axar Patel,LSG v DC,LSG,DC,DC,2,2,0,11,0,5.5,5,1,0,0,0
BWS0176,M015,TP0032,Kuldeep Yadav,LSG v DC,LSG,DC,DC,2,3.4,0,31,2,8.45,6,3,1,0,0
BWS0177,M016,TP0062,Mohammad Shami,PK v GT,PK,GT,GT,1,4,0,36,1,9,11,4,2,0,0
BWS0178,M016,TP0056,Hardik Pandya,PK v GT,PK,GT,GT,1,4,0,36,1,9,10,4,1,1,0
BWS0179,M016,TP0060,Lockie Ferguson,PK v GT,PK,GT,GT,1,4,0,33,1,8.25,10,5,0,1,0
BWS0180,M016,TP0067,Rashid Khan,PK v GT,PK,GT,GT,1,4,0,22,3,5.5,10,0,1,0,0
BWS0181,M016,TP0052,Darshan Nalkande,PK v GT,PK,GT,GT,1,3,0,37,2,12.33,4,4,2,1,0
BWS0182,M016,TP0066,Rahul Tewatia,PK v GT,PK,GT,GT,1,1,0,24,0,24,0,1,3,0,0
BWS0183,M016,TP0169,Vaibhav Arora,PK v GT,PK,GT,PK,2,4,0,34,0,8.5,5,5,0,0,0
BWS0184,M016,TP0147,Arshdeep Singh,PK v GT,PK,GT,PK,2,4,0,31,0,7.75,10,5,0,1,0
BWS0185,M016,TP0156,Kagiso Rabada,PK v GT,PK,GT,PK,2,4,0,35,2,8.75,7,5,0,0,1
BWS0186,M016,TP0163,Rahul Chahar,PK v GT,PK,GT,PK,2,4,0,41,1,10.25,6,3,1,1,0
BWS0187,M016,TP0160,Odean Smith,PK v GT,PK,GT,PK,2,3,0,35,0,11.66,5,2,3,1,0
BWS0188,M016,TP0157,Liam Livingstone,PK v GT,PK,GT,PK,2,1,0,12,0,12,1,2,0,0,0
BWS0189,M017,TP0221,Bhuvneshwar Kumar,CSK v SRH,CSK,SRH,SRH,1,4,0,36,1,9,9,3,0,4,0
BWS0190,M017,TP0227,Marco Jansen,CSK v SRH,CSK,SRH,SRH,1,4,0,30,1,7.5,11,4,0,0,0
BWS0191,M017,TP0240,Washington Sundar,CSK v SRH,CSK,SRH,SRH,1,4,0,21,2,5.25,7,1,0,0,0
BWS0192,M017,TP0237,T Natarajan,CSK v SRH,CSK,SRH,SRH,1,4,0,30,2,7.5,6,2,1,1,0
BWS0193,M017,TP0238,Umran Malik,CSK v SRH,CSK,SRH,SRH,1,3,0,29,0,9.66,8,4,1,0,0
BWS0194,M017,TP0220,Aiden Markram,CSK v SRH,CSK,SRH,SRH,1,1,0,8,1,8,3,0,1,0,0
BWS0195,M017,TP0014,Mukesh Choudhary,CSK v SRH,CSK,SRH,CSK,2,4,0,30,1,7.5,11,2,2,0,0
BWS0196,M017,TP0011,Maheesh Theekshana,CSK v SRH,CSK,SRH,CSK,2,4,0,31,0,7.75,8,3,1,0,0
BWS0197,M017,TP0004,Chris Jordan,CSK v SRH,CSK,SRH,CSK,2,3,0,34,0,11.33,5,3,2,0,1
BWS0198,M017,TP0018,Ravindra Jadeja,CSK v SRH,CSK,SRH,CSK,2,3,0,21,0,7,4,1,0,0,0
BWS0199,M017,TP0242,Moeen Ali,CSK v SRH,CSK,SRH,CSK,2,1,0,10,0,10,1,0,1,0,0
BWS0200,M017,TP0008,Dwayne Bravo,CSK v SRH,CSK,SRH,CSK,2,2.4,0,29,1,10.87,4,4,0,3,0
BWS0201,M018,TP0200,David Willey,RCB v MI,RCB,MI,RCB,1,2,0,8,0,4,8,1,0,0,0
BWS0202,M018,TP0211,Mohammed Siraj,RCB v MI,RCB,MI,RCB,1,4,0,51,0,12.75,10,3,4,1,1
BWS0203,M018,TP0217,Wanindu Hasaranga,RCB v MI,RCB,MI,RCB,1,4,0,28,2,7,10,3,1,0,0
BWS0204,M018,TP0196,Akash Deep,RCB v MI,RCB,MI,RCB,1,4,1,20,1,5,14,3,0,0,0
BWS0205,M018,TP0205,Harshal Patel,RCB v MI,RCB,MI,RCB,1,4,0,23,2,5.75,14,2,1,0,0
BWS0206,M018,TP0212,Shahbaz Ahamad,RCB v MI,RCB,MI,RCB,1,2,0,19,0,9.5,4,2,1,0,0
BWS0207,M018,TP0123,Basil Thampi,RCB v MI,RCB,MI,MI,2,4,1,29,0,7.25,11,3,1,1,0
BWS0208,M018,TP0130,Jaydev Unadkat,RCB v MI,RCB,MI,MI,2,4,0,30,1,7.5,10,0,3,0,0
BWS0209,M018,TP0129,Jasprit Bumrah,RCB v MI,RCB,MI,MI,2,4,0,31,0,7.75,8,1,1,0,0
BWS0210,M018,TP0135,Murugan Ashwin,RCB v MI,RCB,MI,MI,2,3,0,26,0,8.66,8,3,1,1,0
BWS0211,M018,TP0132,Kieron Pollard,RCB v MI,RCB,MI,MI,2,3,0,24,0,8,3,1,1,1,0
BWS0212,M018,TP0125,Dewald Brevis,RCB v MI,RCB,MI,MI,2,0.3,0,8,1,16,1,2,0,0,0
BWS0213,M019,TP0097,Umesh Yadav,KKR v DC,KKR,DC,KKR,1,4,0,48,1,12,8,5,3,0,1
BWS0214,M019,TP0089,Rasikh Dar,KKR v DC,KKR,DC,KKR,1,1,0,10,0,10,2,2,0,0,0
BWS0215,M019,TP0086,Pat Cummins,KKR v DC,KKR,DC,KKR,1,4,0,51,0,12.75,5,4,3,2,0
BWS0216,M019,TP0098,Varun Chakravarty,KKR v DC,KKR,DC,KKR,1,4,0,44,1,11,8,3,3,0,2
BWS0217,M019,TP0095,Sunil Narine,KKR v DC,KKR,DC,KKR,1,4,0,21,2,5.25,12,3,0,0,0
BWS0218,M019,TP0079,Andre Russell,KKR v DC,KKR,DC,KKR,1,2,0,16,1,8,3,0,1,0,0
BWS0219,M019,TP0099,Venkatesh Iyer,KKR v DC,KKR,DC,KKR,1,1,0,14,0,14,0,1,1,0,0
BWS0220,M019,TP0037,Mustafizur Rahman,KKR v DC,KKR,DC,DC,2,4,0,21,0,5.25,13,2,0,0,0
BWS0221,M019,TP0044,Shardul Thakur,KKR v DC,KKR,DC,DC,2,2.4,0,30,2,11.25,5,3,2,0,0
BWS0222,M019,TP0031,Khaleel Ahmed,KKR v DC,KKR,DC,DC,2,4,0,25,3,6.25,13,4,0,0,0
BWS0223,M019,TP0241,Axar Patel,KKR v DC,KKR,DC,DC,2,3,0,32,0,10.66,4,2,2,0,0
BWS0224,M019,TP0032,Kuldeep Yadav,KKR v DC,KKR,DC,DC,2,4,0,35,4,8.75,8,2,2,2,0
BWS0225,M019,TP0042,Rovman Powell,KKR v DC,KKR,DC,DC,2,1,0,17,0,17,0,1,1,1,0
BWS0226,M019,TP0033,Lalit Yadav,KKR v DC,KKR,DC,DC,2,1,0,8,1,8,3,0,1,0,0
BWS0227,M020,TP0105,Dushmanta Chameera,RR v LSG,RR,LSG,LSG,1,4,0,22,0,5.5,14,2,0,2,0
BWS0228,M020,TP0107,Jason Holder,RR v LSG,RR,LSG,LSG,1,4,0,50,2,12.5,9,3,5,0,0
BWS0229,M020,TP0115,Mark Wood,RR v LSG,RR,LSG,LSG,1,4,0,29,0,7.25,7,3,0,3,0
BWS0230,M020,TP0102,Avesh Khan,RR v LSG,RR,LSG,LSG,1,4,0,31,1,7.75,9,1,2,1,0
BWS0231,M020,TP0108,K Gowtham,RR v LSG,RR,LSG,LSG,1,4,0,30,2,7.5,11,0,3,0,0
BWS0232,M020,TP0193,Trent Boult,RR v LSG,RR,LSG,RR,2,4,0,30,2,7.5,12,4,0,1,0
BWS0233,M020,TP0185,Prasidh Krishna,RR v LSG,RR,LSG,RR,2,4,0,35,1,8.75,13,4,2,1,0
BWS0234,M020,TP0186,R Ashwin,RR v LSG,RR,LSG,RR,2,4,0,20,0,5,5,0,0,0,0
BWS0235,M020,TP0180,Kuldeep Sen,RR v LSG,RR,LSG,RR,2,4,0,35,1,8.75,8,2,2,0,0
BWS0236,M020,TP0195,Yuzvendra Chahal,RR v LSG,RR,LSG,RR,2,4,0,41,4,10.25,7,3,2,2,0
BWS0237,M021,TP0221,Bhuvneshwar Kumar,SRH v GT,SRH,GT,SRH,1,4,0,37,2,9.25,10,3,0,4,0
BWS0238,M021,TP0227,Marco Jansen,SRH v GT,SRH,GT,SRH,1,4,0,27,1,6.75,8,3,0,2,0
BWS0239,M021,TP0240,Washington Sundar,SRH v GT,SRH,GT,SRH,1,3,0,14,0,4.66,7,1,0,0,0
BWS0240,M021,TP0237,T Natarajan,SRH v GT,SRH,GT,SRH,1,4,0,34,2,8.5,8,4,1,1,0
BWS0241,M021,TP0238,Umran Malik,SRH v GT,SRH,GT,SRH,1,4,0,39,1,9.75,8,5,0,1,0
BWS0242,M021,TP0220,Aiden Markram,SRH v GT,SRH,GT,SRH,1,1,0,9,0,9,2,0,1,0,0
BWS0243,M021,TP0062,Mohammad Shami,SRH v GT,SRH,GT,GT,2,4,0,32,0,8,8,3,1,0,0
BWS0244,M021,TP0056,Hardik Pandya,SRH v GT,SRH,GT,GT,2,4,0,27,1,6.75,10,0,2,0,0
BWS0245,M021,TP0060,Lockie Ferguson,SRH v GT,SRH,GT,GT,2,4,0,46,0,11.5,9,6,2,2,0
BWS0246,M021,TP0067,Rashid Khan,SRH v GT,SRH,GT,GT,2,4,0,28,1,7,6,2,0,0,0
BWS0247,M021,TP0052,Darshan Nalkande,SRH v GT,SRH,GT,GT,2,2.1,0,22,0,10.15,4,1,1,1,0
BWS0248,M021,TP0066,Rahul Tewatia,SRH v GT,SRH,GT,GT,2,1,0,10,0,10,1,0,1,0,0
BWS0249,M022,TP0211,Mohammed Siraj,CSK v RCB,CSK,RCB,RCB,1,4,0,37,0,9.25,11,4,2,0,1
BWS0250,M022,TP0207,Josh Hazlewood,CSK v RCB,CSK,RCB,RCB,1,4,0,33,1,8.25,12,1,3,1,0
BWS0251,M022,TP0196,Akash Deep,CSK v RCB,CSK,RCB,RCB,1,4,0,58,0,14.5,6,5,4,4,0
BWS0252,M022,TP0204,Glenn Maxwell,CSK v RCB,CSK,RCB,RCB,1,3,0,29,0,9.66,9,0,4,0,0
BWS0253,M022,TP0212,Shahbaz Ahamad,CSK v RCB,CSK,RCB,RCB,1,2,0,18,0,9,1,0,1,0,0
BWS0254,M022,TP0217,Wanindu Hasaranga,CSK v RCB,CSK,RCB,RCB,1,3,0,35,2,11.66,6,2,3,1,0
BWS0255,M022,TP0242,Moeen Ali,CSK v RCB,CSK,RCB,CSK,2,3,0,19,0,6.33,8,3,0,0,0
BWS0256,M022,TP0014,Mukesh Choudhary,CSK v RCB,CSK,RCB,CSK,2,3,0,40,1,13.33,4,2,2,2,0
BWS0257,M022,TP0011,Maheesh Theekshana,CSK v RCB,CSK,RCB,CSK,2,4,0,33,4,8.25,10,1,3,0,0
BWS0258,M022,TP0018,Ravindra Jadeja,CSK v RCB,CSK,RCB,CSK,2,4,0,39,3,9.75,10,4,2,0,0
BWS0259,M022,TP0004,Chris Jordan,CSK v RCB,CSK,RCB,CSK,2,2,0,20,0,10,2,3,0,0,0
BWS0260,M022,TP0008,Dwayne Bravo,CSK v RCB,CSK,RCB,CSK,2,4,0,42,1,10.5,6,4,0,6,1
BWS0261,M023,TP0123,Basil Thampi,MI v PK,MI,PK,MI,1,4,0,47,2,11.75,7,3,3,2,0
BWS0262,M023,TP0130,Jaydev Unadkat,MI v PK,MI,PK,MI,1,4,0,44,1,11,8,3,3,1,0
BWS0263,M023,TP0129,Jasprit Bumrah,MI v PK,MI,PK,MI,1,4,0,28,1,7,6,2,0,2,0
BWS0264,M023,TP0135,Murugan Ashwin,MI v PK,MI,PK,MI,1,4,0,34,1,8.5,7,2,2,0,0
BWS0265,M023,TP0145,Tymal Mills,MI v PK,MI,PK,MI,1,4,0,37,0,9.25,6,4,1,2,0
BWS0266,M023,TP0169,Vaibhav Arora,MI v PK,MI,PK,PK,2,4,0,43,1,10.75,9,2,4,2,0
BWS0267,M023,TP0156,Kagiso Rabada,MI v PK,MI,PK,PK,2,4,0,29,2,7.25,15,3,2,0,0
BWS0268,M023,TP0147,Arshdeep Singh,MI v PK,MI,PK,PK,2,4,0,29,0,7.25,11,2,1,0,1
BWS0269,M023,TP0160,Odean Smith,MI v PK,MI,PK,PK,2,3,0,30,4,10,9,1,3,2,0
BWS0270,M023,TP0157,Liam Livingstone,MI v PK,MI,PK,PK,2,1,0,11,0,11,1,2,0,0,0
BWS0271,M023,TP0163,Rahul Chahar,MI v PK,MI,PK,PK,2,4,0,44,0,11,6,2,4,0,0
BWS0272,M024,TP0176,James Neesham,RR v GT,RR,GT,RR,1,3,0,29,0,9.66,5,5,0,0,0
BWS0273,M024,TP0185,Prasidh Krishna,RR v GT,RR,GT,RR,1,4,0,35,0,8.75,11,5,1,1,1
BWS0274,M024,TP0180,Kuldeep Sen,RR v GT,RR,GT,RR,1,4,0,51,1,12.75,6,9,1,0,0
BWS0275,M024,TP0195,Yuzvendra Chahal,RR v GT,RR,GT,RR,1,4,0,32,1,8,6,1,2,1,0
BWS0276,M024,TP0188,Riyan Parag,RR v GT,RR,GT,RR,1,1,0,12,1,12,2,1,1,0,0
BWS0277,M024,TP0186,R Ashwin,RR v GT,RR,GT,RR,1,4,0,33,0,8.25,9,1,2,1,0
BWS0278,M024,TP0062,Mohammad Shami,RR v GT,RR,GT,GT,2,4,0,39,1,9.75,6,4,1,0,0
BWS0279,M024,TP0073,Yash Dayal,RR v GT,RR,GT,GT,2,4,0,40,3,10,13,6,2,0,0
BWS0280,M024,TP0067,Rashid Khan,RR v GT,RR,GT,GT,2,4,0,24,0,6,11,1,1,0,0
BWS0281,M024,TP0060,Lockie Ferguson,RR v GT,RR,GT,GT,2,4,0,23,3,5.75,12,0,2,0,0
BWS0282,M024,TP0066,Rahul Tewatia,RR v GT,RR,GT,GT,2,1,0,9,0,9,2,0,1,0,0
BWS0283,M024,TP0056,Hardik Pandya,RR v GT,RR,GT,GT,2,2.3,0,18,1,7.2,4,1,0,2,0
BWS0284,M024,TP0071,Vijay Shankar,RR v GT,RR,GT,GT,2,0.3,0,1,0,2,2,0,0,0,0
BWS0285,M025,TP0221,Bhuvneshwar Kumar,SRH v KKR,SRH,KKR,SRH,1,4,0,37,1,9.25,13,4,2,1,0
BWS0286,M025,TP0227,Marco Jansen,SRH v KKR,SRH,KKR,SRH,1,4,0,26,1,6.5,12,2,1,1,0
BWS0287,M025,TP0237,T Natarajan,SRH v KKR,SRH,KKR,SRH,1,4,0,37,3,9.25,11,4,2,0,0
BWS0288,M025,TP0238,Umran Malik,SRH v KKR,SRH,KKR,SRH,1,4,0,27,2,6.75,15,1,2,0,0
BWS0289,M025,TP0235,Shashank Singh,SRH v KKR,SRH,KKR,SRH,1,1,0,10,0,10,1,1,0,1,0
BWS0290,M025,TP0225,Jagadeesha Suchith,SRH v KKR,SRH,KKR,SRH,1,3,0,32,1,10.66,6,3,2,0,0
BWS0291,M025,TP0097,Umesh Yadav,SRH v KKR,SRH,KKR,KKR,2,4,0,31,0,7.75,10,5,0,1,0
BWS0292,M025,TP0086,Pat Cummins,SRH v KKR,SRH,KKR,KKR,2,3.5,0,40,1,10.43,8,3,2,2,0
BWS0293,M025,TP0079,Andre Russell,SRH v KKR,SRH,KKR,KKR,2,2,0,20,2,10,6,1,2,1,0
BWS0294,M025,TP0078,Aman Khan,SRH v KKR,SRH,KKR,KKR,2,1,0,13,0,13,1,1,1,0,0
BWS0295,M025,TP0098,Varun Chakravarty,SRH v KKR,SRH,KKR,KKR,2,3,0,45,0,15,2,3,4,0,0
BWS0296,M025,TP0095,Sunil Narine,SRH v KKR,SRH,KKR,KKR,2,4,0,23,0,5.75,8,0,1,0,0
BWS0297,M026,TP0143,Tilak Varma,MI v LSG,MI,LSG,MI,1,1,0,7,0,7,2,1,0,0,0
BWS0298,M026,TP0130,Jaydev Unadkat,MI v LSG,MI,LSG,MI,1,4,0,32,2,8,8,3,1,1,0
BWS0299,M026,TP0135,Murugan Ashwin,MI v LSG,MI,LSG,MI,1,4,0,33,1,8.25,8,2,2,0,0
BWS0300,M026,TP0129,Jasprit Bumrah,MI v LSG,MI,LSG,MI,1,4,0,24,0,6,9,1,0,2,0
BWS0301,M026,TP0145,Tymal Mills,MI v LSG,MI,LSG,MI,1,3,0,54,0,18,3,9,2,1,0
BWS0302,M026,TP0126,Fabian Allen,MI v LSG,MI,LSG,MI,1,4,0,46,1,11.5,6,4,3,0,0
BWS0303,M026,TP0107,Jason Holder,MI v LSG,MI,LSG,LSG,2,4,0,34,1,8.5,7,2,1,2,0
BWS0304,M026,TP0105,Dushmanta Chameera,MI v LSG,MI,LSG,LSG,2,4,0,48,1,12,11,3,4,1,0
BWS0305,M026,TP0102,Avesh Khan,MI v LSG,MI,LSG,LSG,2,4,0,30,3,7.5,14,6,0,1,0
BWS0306,M026,TP0115,Mark Wood,MI v LSG,MI,LSG,LSG,2,4,0,34,1,8.5,4,4,0,1,0
BWS0307,M026,TP0243,Marcus Stoinis,MI v LSG,MI,LSG,LSG,2,2,0,13,1,6.5,4,1,0,0,0
BWS0308,M026,TP0111,Krunal Pandya,MI v LSG,MI,LSG,LSG,2,2,0,16,0,8,2,2,0,0,0
BWS0309,M027,TP0037,Mustafizur Rahman,DC v RCB,DC,RCB,DC,1,4,0,48,0,12,8,7,2,1,0
BWS0310,M027,TP0044,Shardul Thakur,DC v RCB,DC,RCB,DC,1,4,0,27,1,6.75,14,3,1,1,0
BWS0311,M027,TP0031,Khaleel Ahmed,DC v RCB,DC,RCB,DC,1,4,0,36,1,9,9,3,2,0,0
BWS0312,M027,TP0241,Axar Patel,DC v RCB,DC,RCB,DC,1,4,0,29,1,7.25,7,3,0,1,0
BWS0313,M027,TP0032,Kuldeep Yadav,DC v RCB,DC,RCB,DC,1,4,0,46,1,11.5,7,3,3,3,0
BWS0314,M027,TP0204,Glenn Maxwell,DC v RCB,DC,RCB,RCB,2,2,0,14,0,7,4,0,1,0,0
BWS0315,M027,TP0211,Mohammed Siraj,DC v RCB,DC,RCB,RCB,2,4,0,31,2,7.75,10,1,2,0,0
BWS0316,M027,TP0207,Josh Hazlewood,DC v RCB,DC,RCB,RCB,2,4,0,28,3,7,12,3,1,1,0
BWS0317,M027,TP0212,Shahbaz Ahamad,DC v RCB,DC,RCB,RCB,2,2,0,19,0,9.5,3,1,1,2,0
BWS0318,M027,TP0205,Harshal Patel,DC v RCB,DC,RCB,RCB,2,4,0,40,0,10,5,3,2,1,0
BWS0319,M027,TP0217,Wanindu Hasaranga,DC v RCB,DC,RCB,RCB,2,4,0,40,1,10,9,3,3,0,0
BWS0320,M028,TP0221,Bhuvneshwar Kumar,PK v SRH,PK,SRH,SRH,1,4,0,22,3,5.5,13,1,1,0,0
BWS0321,M028,TP0227,Marco Jansen,PK v SRH,PK,SRH,SRH,1,4,0,35,0,8.75,11,5,1,1,0
BWS0322,M028,TP0237,T Natarajan,PK v SRH,PK,SRH,SRH,1,4,0,38,1,9.5,8,3,1,4,0
BWS0323,M028,TP0225,Jagadeesha Suchith,PK v SRH,PK,SRH,SRH,1,4,0,28,1,7,10,1,2,1,0
BWS0324,M028,TP0238,Umran Malik,PK v SRH,PK,SRH,SRH,1,4,1,28,4,7,15,3,2,0,0
BWS0325,M028,TP0169,Vaibhav Arora,PK v SRH,PK,SRH,PK,2,3.5,0,35,0,9.13,9,5,1,0,0
BWS0326,M028,TP0156,Kagiso Rabada,PK v SRH,PK,SRH,PK,2,4,0,29,1,7.25,9,3,0,0,0
BWS0327,M028,TP0147,Arshdeep Singh,PK v SRH,PK,SRH,PK,2,4,0,32,0,8,7,3,0,2,0
BWS0328,M028,TP0163,Rahul Chahar,PK v SRH,PK,SRH,PK,2,4,0,28,2,7,7,1,0,1,0
BWS0329,M028,TP0160,Odean Smith,PK v SRH,PK,SRH,PK,2,1,0,8,0,8,3,0,1,0,0
BWS0330,M028,TP0157,Liam Livingstone,PK v SRH,PK,SRH,PK,2,2,0,19,0,9.5,3,0,2,0,0
BWS0331,M029,TP0062,Mohammad Shami,GT v CSK,GT,CSK,GT,1,4,0,20,1,5,13,2,0,2,0
BWS0332,M029,TP0073,Yash Dayal,GT v CSK,GT,CSK,GT,1,4,0,40,1,10,8,3,2,1,1
BWS0333,M029,TP0050,Alzarri Joseph,GT v CSK,GT,CSK,GT,1,4,0,34,2,8.5,10,1,3,1,0
BWS0334,M029,TP0060,Lockie Ferguson,GT v CSK,GT,CSK,GT,1,4,0,46,0,11.5,5,4,3,0,0
BWS0335,M029,TP0067,Rashid Khan,GT v CSK,GT,CSK,GT,1,4,0,29,0,7.25,5,1,1,0,0
BWS0336,M029,TP0014,Mukesh Choudhary,GT v CSK,GT,CSK,CSK,2,3,0,18,1,6,10,3,0,1,0
BWS0337,M029,TP0011,Maheesh Theekshana,GT v CSK,GT,CSK,CSK,2,4,0,24,2,6,8,1,1,0,0
BWS0338,M029,TP0004,Chris Jordan,GT v CSK,GT,CSK,CSK,2,3.5,0,58,0,15.13,4,5,4,0,1
BWS0339,M029,TP0018,Ravindra Jadeja,GT v CSK,GT,CSK,CSK,2,3,0,25,1,8.33,6,1,2,0,0
BWS0340,M029,TP0242,Moeen Ali,GT v CSK,GT,CSK,CSK,2,2,0,17,0,8.5,3,1,1,0,0
BWS0341,M029,TP0008,Dwayne Bravo,GT v CSK,GT,CSK,CSK,2,4,1,23,3,5.75,12,1,1,0,0
BWS0342,M030,TP0097,Umesh Yadav,RR v KKR,RR,KKR,KKR,1,4,0,44,0,11,11,3,3,0,1
BWS0343,M030,TP0093,Shivam Mavi,RR v KKR,RR,KKR,KKR,1,4,0,34,1,8.5,10,4,1,0,0
BWS0344,M030,TP0098,Varun Chakravarty,RR v KKR,RR,KKR,KKR,1,2,0,30,0,15,1,1,2,1,0
BWS0345,M030,TP0086,Pat Cummins,RR v KKR,RR,KKR,KKR,1,4,0,50,1,12.5,4,7,1,2,0
BWS0346,M030,TP0095,Sunil Narine,RR v KKR,RR,KKR,KKR,1,4,0,21,2,5.25,11,0,1,2,0
BWS0347,M030,TP0079,Andre Russell,RR v KKR,RR,KKR,KKR,1,2,0,29,1,14.5,3,3,2,1,0
BWS0348,M030,TP0193,Trent Boult,RR v KKR,RR,KKR,RR,2,4,0,48,0,12,7,5,3,0,0
BWS0349,M030,TP0185,Prasidh Krishna,RR v KKR,RR,KKR,RR,2,4,0,43,1,10.75,5,6,0,5,0
BWS0350,M030,TP0184,Obed McCoy,RR v KKR,RR,KKR,RR,2,3.4,0,41,2,11.18,6,2,2,4,0
BWS0351,M030,TP0186,R Ashwin,RR v KKR,RR,KKR,RR,2,4,0,38,1,9.5,8,1,3,0,0
BWS0352,M030,TP0195,Yuzvendra Chahal,RR v KKR,RR,KKR,RR,2,4,0,40,5,10,7,4,1,4,0
BWS0353,M031,TP0105,Dushmanta Chameera,LSG v RCB,LSG,RCB,LSG,1,3,0,31,2,10.33,7,4,1,1,0
BWS0354,M031,TP0102,Avesh Khan,LSG v RCB,LSG,RCB,LSG,1,4,0,33,0,8.25,7,2,1,1,0
BWS0355,M031,TP0111,Krunal Pandya,LSG v RCB,LSG,RCB,LSG,1,4,0,29,1,7.25,6,2,1,0,0
BWS0356,M031,TP0115,Mark Wood,LSG v RCB,LSG,RCB,LSG,1,4,0,47,0,11.75,5,4,2,1,1
BWS0357,M031,TP0107,Jason Holder,LSG v RCB,LSG,RCB,LSG,1,4,0,25,2,6.25,8,2,0,2,0
BWS0358,M031,TP0243,Marcus Stoinis,LSG v RCB,LSG,RCB,LSG,1,1,0,14,0,14,0,2,0,1,0
BWS0359,M031,TP0211,Mohammed Siraj,LSG v RCB,LSG,RCB,RCB,2,4,0,31,1,7.75,12,6,0,1,0
BWS0360,M031,TP0204,Glenn Maxwell,LSG v RCB,LSG,RCB,RCB,2,2,0,11,1,5.5,6,1,0,1,0
BWS0361,M031,TP0207,Josh Hazlewood,LSG v RCB,LSG,RCB,RCB,2,4,0,25,4,6.25,10,1,1,2,0
BWS0362,M031,TP0212,Shahbaz Ahamad,LSG v RCB,LSG,RCB,RCB,2,4,0,25,0,6.25,10,1,1,0,0
BWS0363,M031,TP0205,Harshal Patel,LSG v RCB,LSG,RCB,RCB,2,4,0,47,2,11.75,7,4,2,3,0
BWS0364,M031,TP0217,Wanindu Hasaranga,LSG v RCB,LSG,RCB,RCB,2,2,0,20,0,10,5,1,2,0,0
BWS0365,M032,TP0044,Shardul Thakur,DC v PK,DC,PBKS,DC,1,2,0,20,0,10,5,4,0,0,0
BWS0366,M032,TP0031,Khaleel Ahmed,DC v PK,DC,PBKS,DC,1,4,0,21,2,5.25,13,2,0,1,0
BWS0367,M032,TP0033,Lalit Yadav,DC v PK,DC,PBKS,DC,1,2,0,11,2,5.5,8,2,0,0,0
BWS0368,M032,TP0037,Mustafizur Rahman,DC v PK,DC,PBKS,DC,1,4,0,28,1,7,14,4,1,0,0
BWS0369,M032,TP0241,Axar Patel,DC v PK,DC,PBKS,DC,1,4,0,10,2,2.5,14,0,0,0,0
BWS0370,M032,TP0032,Kuldeep Yadav,DC v PK,DC,PBKS,DC,1,4,0,24,2,6,9,3,0,0,0
BWS0371,M032,TP0169,Vaibhav Arora,DC v PK,DC,PBKS,PK,2,2,0,31,0,15.5,2,5,1,0,0
BWS0372,M032,TP0156,Kagiso Rabada,DC v PK,DC,PBKS,PK,2,3,0,35,0,11.66,5,5,1,1,0
BWS0373,M032,TP0147,Arshdeep Singh,DC v PK,DC,PBKS,PK,2,1,0,17,0,17,1,3,0,3,0
BWS0374,M032,TP0159,Nathan Ellis,DC v PK,DC,PBKS,PK,2,2,0,15,0,7.5,5,2,0,2,0
BWS0375,M032,TP0163,Rahul Chahar,DC v PK,DC,PBKS,PK,2,2.3,0,21,1,8.4,4,3,0,0,0
BWS0376,M033,TP0014,Mukesh Choudhary,MI v CSK,MI,CSK,CSK,1,3,0,19,3,6.33,12,3,0,1,0
BWS0377,M033,TP0012,Mitchell Santner,MI v CSK,MI,CSK,CSK,1,3,0,16,1,5.33,9,2,0,0,0
BWS0378,M033,TP0011,Maheesh Theekshana,MI v CSK,MI,CSK,CSK,1,4,0,35,1,8.75,4,1,2,0,0
BWS0379,M033,TP0018,Ravindra Jadeja,MI v CSK,MI,CSK,CSK,1,4,0,30,0,7.5,8,2,1,0,0
BWS0380,M033,TP0007,Dwaine Pretorius,MI v CSK,MI,CSK,CSK,1,2,0,17,0,8.5,4,0,1,0,0
BWS0381,M033,TP0008,Dwayne Bravo,MI v CSK,MI,CSK,CSK,1,4,0,36,2,9,9,4,1,2,0
BWS0382,M033,TP0124,Daniel Sams,MI v CSK,MI,CSK,MI,2,4,0,30,4,7.5,12,2,2,1,0
BWS0383,M033,TP0129,Jasprit Bumrah,MI v CSK,MI,CSK,MI,2,4,0,29,0,7.25,9,2,1,2,0
BWS0384,M033,TP0139,Riley Meredith,MI v CSK,MI,CSK,MI,2,4,0,25,1,6.25,14,2,1,2,0
BWS0385,M033,TP0130,Jaydev Unadkat,MI v CSK,MI,CSK,MI,2,4,0,48,2,12,5,4,3,1,0
BWS0386,M033,TP0127,Hrithik Shokeen,MI v CSK,MI,CSK,MI,2,4,0,23,0,5.75,11,1,1,1,0
BWS0387,M034,TP0031,Khaleel Ahmed,DC v RR,DC,RR,DC,1,4,0,47,1,11.75,12,4,4,1,0
BWS0388,M034,TP0044,Shardul Thakur,DC v RR,DC,RR,DC,1,3,1,29,0,9.66,8,2,2,2,0
BWS0389,M034,TP0033,Lalit Yadav,DC v RR,DC,RR,DC,1,4,0,41,0,10.25,7,3,3,0,0
BWS0390,M034,TP0037,Mustafizur Rahman,DC v RR,DC,RR,DC,1,4,0,43,1,10.75,6,6,1,0,0
BWS0391,M034,TP0032,Kuldeep Yadav,DC v RR,DC,RR,DC,1,3,0,40,0,13.33,3,3,3,1,0
BWS0392,M034,TP0241,Axar Patel,DC v RR,DC,RR,DC,1,2,0,21,0,10.5,5,3,1,0,0
BWS0393,M034,TP0193,Trent Boult,DC v RR,DC,RR,RR,2,4,0,47,0,11.75,10,4,4,1,0
BWS0394,M034,TP0185,Prasidh Krishna,DC v RR,DC,RR,RR,2,4,1,22,3,5.5,14,4,0,0,0
BWS0395,M034,TP0184,Obed McCoy,DC v RR,DC,RR,RR,2,3,0,52,1,17.33,5,5,4,2,1
BWS0396,M034,TP0186,R Ashwin,DC v RR,DC,RR,RR,2,4,0,32,2,8,4,3,0,1,0
BWS0397,M034,TP0195,Yuzvendra Chahal,DC v RR,DC,RR,RR,2,4,0,28,1,7,8,0,2,1,0
BWS0398,M034,TP0188,Riyan Parag,DC v RR,DC,RR,RR,2,1,0,22,0,22,0,1,2,2,0
BWS0399,M035,TP0097,Umesh Yadav,KKR v GT,KKR,GT,KKR,1,4,0,31,1,7.75,10,3,1,0,0
BWS0400,M035,TP0096,Tim Southee,KKR v GT,KKR,GT,KKR,1,4,0,24,3,6,11,2,0,2,0
BWS0401,M035,TP0093,Shivam Mavi,KKR v GT,KKR,GT,KKR,1,4,0,36,1,9,6,2,1,3,0
BWS0402,M035,TP0095,Sunil Narine,KKR v GT,KKR,GT,KKR,1,4,0,31,0,7.75,7,1,2,0,0
BWS0403,M035,TP0098,Varun Chakravarty,KKR v GT,KKR,GT,KKR,1,3,0,26,0,8.66,5,1,1,2,0
BWS0404,M035,TP0079,Andre Russell,KKR v GT,KKR,GT,KKR,1,1,0,5,4,5,4,1,0,0,0
BWS0405,M035,TP0062,Mohammad Shami,KKR v GT,KKR,GT,GT,2,4,0,20,2,5,16,2,1,1,0
BWS0406,M035,TP0073,Yash Dayal,KKR v GT,KKR,GT,GT,2,4,0,42,2,10.5,10,3,3,2,1
BWS0407,M035,TP0050,Alzarri Joseph,KKR v GT,KKR,GT,GT,2,4,0,31,1,7.75,12,2,2,1,0
BWS0408,M035,TP0060,Lockie Ferguson,KKR v GT,KKR,GT,GT,2,4,0,33,1,8.25,13,2,3,1,0
BWS0409,M035,TP0067,Rashid Khan,KKR v GT,KKR,GT,GT,2,4,0,22,2,5.5,11,2,0,0,0
BWS0410,M036,TP0221,Bhuvneshwar Kumar,RCB v SRH,RCB,SRH,SRH,1,2.1,0,8,1,3.69,8,1,0,0,0
BWS0411,M036,TP0227,Marco Jansen,RCB v SRH,RCB,SRH,SRH,1,4,0,25,3,6.25,14,4,0,3,0
BWS0412,M036,TP0237,T Natarajan,RCB v SRH,RCB,SRH,SRH,1,3,0,10,3,3.33,13,0,0,1,0
BWS0413,M036,TP0225,Jagadeesha Suchith,RCB v SRH,RCB,SRH,SRH,1,3,0,12,2,4,12,0,0,2,0
BWS0414,M036,TP0238,Umran Malik,RCB v SRH,RCB,SRH,SRH,1,4,0,13,1,3.25,19,1,0,1,1
BWS0415,M036,TP0211,Mohammed Siraj,RCB v SRH,RCB,SRH,RCB,2,2,0,15,0,7.5,6,1,1,1,0
BWS0416,M036,TP0207,Josh Hazlewood,RCB v SRH,RCB,SRH,RCB,2,3,0,31,0,10.33,7,6,0,0,0
BWS0417,M036,TP0205,Harshal Patel,RCB v SRH,RCB,SRH,RCB,2,2,0,18,1,9,5,2,1,0,0
BWS0418,M036,TP0217,Wanindu Hasaranga,RCB v SRH,RCB,SRH,RCB,2,1,0,7,0,7,2,1,0,0,0
BWS0419,M037,TP0124,Daniel Sams,LSG v MI,LSG,MI,MI,1,4,0,40,1,10,9,2,2,4,0
BWS0420,M037,TP0127,Hrithik Shokeen,LSG v MI,LSG,MI,MI,1,2,0,11,0,5.5,5,1,0,0,0
BWS0421,M037,TP0129,Jasprit Bumrah,LSG v MI,LSG,MI,MI,1,4,0,31,1,7.75,9,3,1,0,0
BWS0422,M037,TP0139,Riley Meredith,LSG v MI,LSG,MI,MI,1,4,0,40,2,10,10,3,3,1,0
BWS0423,M037,TP0130,Jaydev Unadkat,LSG v MI,LSG,MI,MI,1,4,0,36,0,9,5,4,1,0,0
BWS0424,M037,TP0132,Kieron Pollard,LSG v MI,LSG,MI,MI,1,2,0,8,2,4,5,0,0,0,0
BWS0425,M037,TP0117,Mohsin Khan,LSG v MI,LSG,MI,LSG,2,4,0,27,1,6.75,11,1,1,2,0
BWS0426,M037,TP0105,Dushmanta Chameera,LSG v MI,LSG,MI,LSG,2,4,0,14,0,3.5,15,1,0,2,0
BWS0427,M037,TP0107,Jason Holder,LSG v MI,LSG,MI,LSG,2,4,0,36,1,9,8,4,1,2,0
BWS0428,M037,TP0111,Krunal Pandya,LSG v MI,LSG,MI,LSG,2,4,0,19,3,4.75,10,1,0,1,0
BWS0429,M037,TP0115,Mark Wood,LSG v MI,LSG,MI,LSG,2,3,0,28,1,9.33,7,1,2,1,0
BWS0430,M037,TP0103,Ayush Badoni,LSG v MI,LSG,MI,LSG,2,1,0,6,1,6,1,0,0,0,0
BWS0431,M038,TP0014,Mukesh Choudhary,PK v CSK,PK,CSK,CSK,1,4,0,36,0,9,6,4,0,3,0
BWS0432,M038,TP0011,Maheesh Theekshana,PK v CSK,PK,CSK,CSK,1,4,0,32,1,8,6,2,1,2,0
BWS0433,M038,TP0012,Mitchell Santner,PK v CSK,PK,CSK,CSK,1,2,0,8,0,4,7,1,0,0,0
BWS0434,M038,TP0018,Ravindra Jadeja,PK v CSK,PK,CSK,CSK,1,2,0,18,0,9,1,0,1,2,0
BWS0435,M038,TP0007,Dwaine Pretorius,PK v CSK,PK,CSK,CSK,1,4,0,50,0,12.5,4,4,3,2,0
BWS0436,M038,TP0008,Dwayne Bravo,PK v CSK,PK,CSK,CSK,1,4,0,42,2,10.5,5,4,1,2,2
BWS0437,M038,TP0156,Kagiso Rabada,PK v CSK,PK,CSK,PK,2,4,0,23,2,5.75,13,4,0,0,0
BWS0438,M038,TP0166,Sandeep Sharma,PK v CSK,PK,CSK,PK,2,4,0,40,1,10,11,3,3,2,0
BWS0439,M038,TP0165,Rishi Dhawan,PK v CSK,PK,CSK,PK,2,4,0,39,2,9.75,10,2,3,2,0
BWS0440,M038,TP0147,Arshdeep Singh,PK v CSK,PK,CSK,PK,2,4,0,23,1,5.75,9,2,0,1,0
BWS0441,M038,TP0163,Rahul Chahar,PK v CSK,PK,CSK,PK,2,3,0,30,0,10,4,3,1,1,0
BWS0442,M038,TP0157,Liam Livingstone,PK v CSK,PK,CSK,PK,2,1,0,12,0,12,2,1,1,0,0
BWS0443,M039,TP0212,Shahbaz Ahamad,RCB v RR,RCB,RR,RCB,1,3,0,35,0,11.66,4,1,3,2,0
BWS0444,M039,TP0211,Mohammed Siraj,RCB v RR,RCB,RR,RCB,1,4,0,30,2,7.5,12,4,1,0,0
BWS0445,M039,TP0207,Josh Hazlewood,RCB v RR,RCB,RR,RCB,1,4,1,19,2,4.75,16,2,1,0,0
BWS0446,M039,TP0217,Wanindu Hasaranga,RCB v RR,RCB,RR,RCB,1,4,0,23,2,5.75,11,1,1,1,0
BWS0447,M039,TP0205,Harshal Patel,RCB v RR,RCB,RR,RCB,1,4,0,33,1,8.25,6,1,2,0,0
BWS0448,M039,TP0204,Glenn Maxwell,RCB v RR,RCB,RR,RCB,1,1,0,4,0,4,2,0,0,0,0
BWS0449,M039,TP0193,Trent Boult,RCB v RR,RCB,RR,RR,2,3,0,20,0,6.66,10,4,0,0,0
BWS0450,M039,TP0185,Prasidh Krishna,RCB v RR,RCB,RR,RR,2,4,0,23,2,5.75,16,2,1,3,0
BWS0451,M039,TP0186,R Ashwin,RCB v RR,RCB,RR,RR,2,4,0,17,3,4.25,14,0,1,1,0
BWS0452,M039,TP0180,Kuldeep Sen,RCB v RR,RCB,RR,RR,2,3.3,0,20,4,5.71,11,1,1,0,0
BWS0453,M039,TP0173,Daryl Mitchell,RCB v RR,RCB,RR,RR,2,1,0,7,0,7,1,0,0,1,0
BWS0454,M039,TP0195,Yuzvendra Chahal,RCB v RR,RCB,RR,RR,2,4,0,23,0,5.75,15,2,1,1,0
BWS0455,M040,TP0062,Mohammad Shami,GT v SRH,GT,SRH,GT,1,4,0,39,3,9.75,14,3,2,2,0
BWS0456,M040,TP0073,Yash Dayal,GT v SRH,GT,SRH,GT,1,4,0,24,1,6,8,2,0,1,0
BWS0457,M040,TP0050,Alzarri Joseph,GT v SRH,GT,SRH,GT,1,4,0,35,1,8.75,8,3,1,1,0
BWS0458,M040,TP0067,Rashid Khan,GT v SRH,GT,SRH,GT,1,4,0,45,0,11.25,2,2,3,0,0
BWS0459,M040,TP0060,Lockie Ferguson,GT v SRH,GT,SRH,GT,1,4,0,52,0,13,6,2,5,2,0
BWS0460,M040,TP0221,Bhuvneshwar Kumar,GT v SRH,GT,SRH,SRH,2,4,0,33,0,8.25,7,3,1,0,0
BWS0461,M040,TP0227,Marco Jansen,GT v SRH,GT,SRH,SRH,2,4,0,63,0,15.75,4,4,5,2,0
BWS0462,M040,TP0237,T Natarajan,GT v SRH,GT,SRH,SRH,2,4,0,43,0,10.75,7,6,1,1,0
BWS0463,M040,TP0240,Washington Sundar,GT v SRH,GT,SRH,SRH,2,4,0,34,0,8.5,4,2,1,1,0
BWS0464,M040,TP0238,Umran Malik,GT v SRH,GT,SRH,SRH,2,4,0,25,5,6.25,12,4,0,1,0
BWS0465,M041,TP0037,Mustafizur Rahman,DC v KKR,DC,KKR,DC,1,4,0,18,3,4.5,14,2,0,1,0
BWS0466,M041,TP0027,Chetan Sakariya,DC v KKR,DC,KKR,DC,1,3,0,17,1,5.66,8,2,0,0,0
BWS0467,M041,TP0044,Shardul Thakur,DC v KKR,DC,KKR,DC,1,3,0,32,0,10.66,2,2,1,2,0
BWS0468,M041,TP0241,Axar Patel,DC v KKR,DC,KKR,DC,1,4,0,28,1,7,5,3,0,0,0
BWS0469,M041,TP0032,Kuldeep Yadav,DC v KKR,DC,KKR,DC,1,3,0,14,4,4.66,8,1,0,0,0
BWS0470,M041,TP0033,Lalit Yadav,DC v KKR,DC,KKR,DC,1,3,0,32,0,10.66,3,0,3,0,1
BWS0471,M041,TP0097,Umesh Yadav,DC v KKR,DC,KKR,KKR,2,4,0,24,3,6,13,3,0,0,0
BWS0472,M041,TP0085,Nitish Rana,DC v KKR,DC,KKR,KKR,2,3,0,24,1,8,8,2,1,0,1
BWS0473,M041,TP0096,Tim Southee,DC v KKR,DC,KKR,KKR,2,4,0,31,0,7.75,6,2,1,1,0
BWS0474,M041,TP0095,Sunil Narine,DC v KKR,DC,KKR,KKR,2,4,0,19,1,4.75,13,2,0,1,0
BWS0475,M041,TP0085,Nitish Rana,DC v KKR,DC,KKR,KKR,2,1,0,14,0,14,1,3,0,0,0
BWS0476,M041,TP0079,Andre Russell,DC v KKR,DC,KKR,KKR,2,1,0,14,0,14,1,1,1,0,0
BWS0477,M041,TP0099,Venkatesh Iyer,DC v KKR,DC,KKR,KKR,2,1,0,14,0,14,0,1,1,0,0
BWS0478,M041,TP0094,Shreyas Iyer,DC v KKR,DC,KKR,KKR,2,1,0,7,0,7,4,0,1,0,0
BWS0479,M042,TP0147,Arshdeep Singh,PK v LSG,PK,LSG,PK,1,4,0,23,0,5.75,8,2,0,0,0
BWS0480,M042,TP0166,Sandeep Sharma,PK v LSG,PK,LSG,PK,1,4,0,18,1,4.5,14,2,0,2,0
BWS0481,M042,TP0156,Kagiso Rabada,PK v LSG,PK,LSG,PK,1,4,0,38,4,9.5,12,1,4,1,0
BWS0482,M042,TP0165,Rishi Dhawan,PK v LSG,PK,LSG,PK,1,2,0,13,0,6.5,6,0,1,0,0
BWS0483,M042,TP0157,Liam Livingstone,PK v LSG,PK,LSG,PK,1,2,0,23,0,11.5,1,1,1,1,0
BWS0484,M042,TP0163,Rahul Chahar,PK v LSG,PK,LSG,PK,1,4,0,30,2,7.5,10,2,2,0,0
BWS0485,M042,TP0117,Mohsin Khan,PK v LSG,PK,LSG,LSG,2,4,1,24,3,6,14,2,1,2,0
BWS0486,M042,TP0105,Dushmanta Chameera,PK v LSG,PK,LSG,LSG,2,4,0,17,2,4.25,17,1,1,2,0
BWS0487,M042,TP0107,Jason Holder,PK v LSG,PK,LSG,LSG,2,1,0,8,0,8,1,1,0,0,0
BWS0488,M042,TP0102,Avesh Khan,PK v LSG,PK,LSG,LSG,2,3,0,26,0,8.66,10,4,1,1,0
BWS0489,M042,TP0115,Mark Wood,PK v LSG,PK,LSG,LSG,2,4,0,41,1,10.25,10,4,2,2,1
BWS0490,M042,TP0111,Krunal Pandya,PK v LSG,PK,LSG,LSG,2,4,1,11,2,2.75,15,0,0,1,0
BWS0491,M043,TP0062,Mohammad Shami,GT v RCB,GT,RCB,GT,1,4,0,39,1,9.75,9,3,2,1,0
BWS0492,M043,TP0064,Pradeep Sangwan,GT v RCB,GT,RCB,GT,1,4,0,19,2,4.75,12,2,0,0,0
BWS0493,M043,TP0050,Alzarri Joseph,GT v RCB,GT,RCB,GT,1,4,0,42,1,10.5,9,5,2,1,0
BWS0494,M043,TP0067,Rashid Khan,GT v RCB,GT,RCB,GT,1,4,0,29,1,7.25,4,1,1,0,0
BWS0495,M043,TP0060,Lockie Ferguson,GT v RCB,GT,RCB,GT,1,4,0,36,1,9,10,5,1,0,0
BWS0496,M043,TP0204,Glenn Maxwell,GT v RCB,GT,RCB,RCB,2,1,0,10,0,10,2,2,0,0,0
BWS0497,M043,TP0211,Mohammed Siraj,GT v RCB,GT,RCB,RCB,2,4,0,35,0,8.75,11,6,0,2,0
BWS0498,M043,TP0207,Josh Hazlewood,GT v RCB,GT,RCB,RCB,2,3.3,0,36,0,10.28,5,4,1,1,0
BWS0499,M043,TP0212,Shahbaz Ahamad,GT v RCB,GT,RCB,RCB,2,3,0,26,2,8.66,4,2,1,0,1
BWS0500,M043,TP0205,Harshal Patel,GT v RCB,GT,RCB,RCB,2,4,0,35,0,8.75,3,2,1,1,0
BWS0501,M043,TP0217,Wanindu Hasaranga,GT v RCB,GT,RCB,RCB,2,4,0,28,2,7,9,2,1,0,0
BWS0502,M044,TP0124,Daniel Sams,RR v MI,RR,MI,MI,1,4,0,32,1,8,10,4,0,2,0
BWS0503,M044,TP0129,Jasprit Bumrah,RR v MI,RR,MI,MI,1,4,0,27,0,6.75,11,3,0,0,1
BWS0504,M044,TP0127,Hrithik Shokeen,RR v MI,RR,MI,MI,1,3,0,47,2,15.66,9,2,6,0,0
BWS0505,M044,TP0139,Riley Meredith,RR v MI,RR,MI,MI,1,4,0,24,2,6,13,1,1,4,0
BWS0506,M044,TP0133,Mayank Markande,RR v MI,RR,MI,MI,1,4,0,19,1,4.75,9,1,0,0,0
BWS0507,M044,TP0132,Kieron Pollard,RR v MI,RR,MI,MI,1,1,0,8,0,8,1,1,0,0,0
BWS0508,M044,TP0193,Trent Boult,RR v MI,RR,MI,RR,2,3,0,26,1,8.66,9,2,1,2,0
BWS0509,M044,TP0185,Prasidh Krishna,RR v MI,RR,MI,RR,2,4,0,29,1,7.25,11,4,0,1,0
BWS0510,M044,TP0186,R Ashwin,RR v MI,RR,MI,RR,2,4,0,21,1,5.25,9,0,1,0,0
BWS0511,M044,TP0173,Daryl Mitchell,RR v MI,RR,MI,RR,2,1,0,20,0,20,0,3,1,0,0
BWS0512,M044,TP0195,Yuzvendra Chahal,RR v MI,RR,MI,RR,2,4,0,33,1,8.25,9,0,3,0,0
BWS0513,M044,TP0180,Kuldeep Sen,RR v MI,RR,MI,RR,2,3.2,0,29,1,8.7,7,3,1,1,0
BWS0514,M045,TP0037,Mustafizur Rahman,DC v LSG,DC,LSG,DC,1,4,0,37,0,9.25,6,3,1,2,0
BWS0515,M045,TP0027,Chetan Sakariya,DC v LSG,DC,LSG,DC,1,4,0,44,0,11,4,2,3,2,0
BWS0516,M045,TP0241,Axar Patel,DC v LSG,DC,LSG,DC,1,4,0,25,0,6.25,9,1,1,2,0
BWS0517,M045,TP0033,Lalit Yadav,DC v LSG,DC,LSG,DC,1,1,0,16,0,16,1,2,1,0,0
BWS0518,M045,TP0044,Shardul Thakur,DC v LSG,DC,LSG,DC,1,4,0,40,3,10,7,3,1,6,0
BWS0519,M045,TP0032,Kuldeep Yadav,DC v LSG,DC,LSG,DC,1,3,0,29,0,9.66,3,3,1,0,0
BWS0520,M045,TP0117,Mohsin Khan,DC v LSG,DC,LSG,LSG,2,4,0,16,4,4,15,1,0,1,0
BWS0521,M045,TP0105,Dushmanta Chameera,DC v LSG,DC,LSG,LSG,2,4,0,44,1,11,6,5,2,0,0
BWS0522,M045,TP0111,Krunal Pandya,DC v LSG,DC,LSG,LSG,2,1,0,19,0,19,1,3,1,0,0
BWS0523,M045,TP0107,Jason Holder,DC v LSG,DC,LSG,LSG,2,4,0,45,0,11.25,6,4,2,1,0
BWS0524,M045,TP0115,Mark Wood,DC v LSG,DC,LSG,LSG,2,4,0,28,1,7,10,2,1,0,0
BWS0525,M045,TP0108,K Gowtham,DC v LSG,DC,LSG,LSG,2,2,0,23,1,11.5,3,1,2,0,0
BWS0526,M045,TP0243,Marcus Stoinis,DC v LSG,DC,LSG,LSG,2,1,0,14,0,14,3,0,2,1,0
BWS0527,M046,TP0221,Bhuvneshwar Kumar,SRH v CSK,SRH,CSK,SRH,1,4,0,22,0,5.5,8,1,0,0,0
BWS0528,M046,TP0227,Marco Jansen,SRH v CSK,SRH,CSK,SRH,1,4,0,38,0,9.5,12,1,4,0,0
BWS0529,M046,TP0237,T Natarajan,SRH v CSK,SRH,CSK,SRH,1,4,0,42,2,10.5,4,4,1,1,0
BWS0530,M046,TP0220,Aiden Markram,SRH v CSK,SRH,CSK,SRH,1,3,0,36,0,12,3,2,3,0,0
BWS0531,M046,TP0238,Umran Malik,SRH v CSK,SRH,CSK,SRH,1,4,0,48,0,12,8,6,2,2,0
BWS0532,M046,TP0235,Shashank Singh,SRH v CSK,SRH,CSK,SRH,1,1,0,10,0,10,0,1,0,0,0
BWS0533,M046,TP0014,Mukesh Choudhary,SRH v CSK,SRH,CSK,CSK,2,4,0,46,4,11.5,9,4,3,1,0
BWS0534,M046,TP0022,Simarjeet Singh,SRH v CSK,SRH,CSK,CSK,2,2,0,24,0,12,4,3,1,0,1
BWS0535,M046,TP0012,Mitchell Santner,SRH v CSK,SRH,CSK,CSK,2,3,0,36,1,12,4,2,3,0,0
BWS0536,M046,TP0011,Maheesh Theekshana,SRH v CSK,SRH,CSK,CSK,2,4,0,26,0,6.5,6,0,1,0,0
BWS0537,M046,TP0018,Ravindra Jadeja,SRH v CSK,SRH,CSK,CSK,2,3,0,15,0,5,8,0,1,0,0
BWS0538,M046,TP0007,Dwaine Pretorius,SRH v CSK,SRH,CSK,CSK,2,4,0,40,1,10,5,2,2,1,0
BWS0539,M047,TP0097,Umesh Yadav,KKR v RR,KKR,RR,KKR,1,4,1,24,1,6,17,5,0,1,1
BWS0540,M047,TP0080,Anukul Roy,KKR v RR,KKR,RR,KKR,1,4,0,28,1,7,7,0,2,0,0
BWS0541,M047,TP0095,Sunil Narine,KKR v RR,KKR,RR,KKR,1,4,0,19,0,4.75,12,2,0,0,0
BWS0542,M047,TP0093,Shivam Mavi,KKR v RR,KKR,RR,KKR,1,4,0,33,1,8.25,7,3,0,1,1
BWS0543,M047,TP0096,Tim Southee,KKR v RR,KKR,RR,KKR,1,4,0,46,2,11.5,7,3,3,3,0
BWS0544,M047,TP0193,Trent Boult,KKR v RR,KKR,RR,RR,2,4,0,25,1,6.25,9,2,0,2,0
BWS0545,M047,TP0185,Prasidh Krishna,KKR v RR,KKR,RR,RR,2,4,0,37,1,9.25,9,5,0,4,0
BWS0546,M047,TP0180,Kuldeep Sen,KKR v RR,KKR,RR,RR,2,3.1,0,28,1,8.84,12,2,2,3,0
BWS0547,M047,TP0186,R Ashwin,KKR v RR,KKR,RR,RR,2,4,0,33,0,8.25,6,3,1,0,0
BWS0548,M047,TP0195,Yuzvendra Chahal,KKR v RR,KKR,RR,RR,2,4,0,31,0,7.75,6,2,1,0,0
BWS0549,M048,TP0166,Sandeep Sharma,GT v PK,GT,PK,PK,1,4,0,17,0,4.25,15,2,0,1,0
BWS0550,M048,TP0156,Kagiso Rabada,GT v PK,GT,PK,PK,1,4,0,33,4,8.25,13,4,1,3,0
BWS0551,M048,TP0147,Arshdeep Singh,GT v PK,GT,PK,PK,1,4,0,36,1,9,5,2,1,1,1
BWS0552,M048,TP0165,Rishi Dhawan,GT v PK,GT,PK,PK,1,4,0,26,1,6.5,6,1,0,3,0
BWS0553,M048,TP0157,Liam Livingstone,GT v PK,GT,PK,PK,1,2.3,0,15,1,6,5,1,0,0,0
BWS0554,M048,TP0163,Rahul Chahar,GT v PK,GT,PK,PK,1,1.3,0,11,0,7.33,3,1,0,0,0
BWS0555,M048,TP0062,Mohammad Shami,GT v PK,GT,PK,GT,2,4,0,43,1,10.75,12,5,3,0,0
BWS0556,M048,TP0064,Pradeep Sangwan,GT v PK,GT,PK,GT,2,2,0,23,0,11.5,4,5,0,0,0
BWS0557,M048,TP0050,Alzarri Joseph,GT v PK,GT,PK,GT,2,3,0,25,0,8.33,6,1,1,0,1
BWS0558,M048,TP0060,Lockie Ferguson,GT v PK,GT,PK,GT,2,3,0,29,1,9.66,9,2,1,3,0
BWS0559,M048,TP0067,Rashid Khan,GT v PK,GT,PK,GT,2,4,0,21,0,5.25,9,2,0,0,0
BWS0560,M049,TP0014,Mukesh Choudhary,RCB v CSK,RCB,CSK,CSK,1,3,0,30,0,10,8,4,1,1,0
BWS0561,M049,TP0022,Simarjeet Singh,RCB v CSK,RCB,CSK,CSK,1,2,0,21,0,10.5,6,2,1,1,0
BWS0562,M049,TP0011,Maheesh Theekshana,RCB v CSK,RCB,CSK,CSK,1,4,0,27,3,6.75,8,2,1,0,0
BWS0563,M049,TP0018,Ravindra Jadeja,RCB v CSK,RCB,CSK,CSK,1,4,0,20,0,5,7,1,0,0,0
BWS0564,M049,TP0242,Moeen Ali,RCB v CSK,RCB,CSK,CSK,1,4,0,28,2,7,8,1,1,3,0
BWS0565,M049,TP0007,Dwaine Pretorius,RCB v CSK,RCB,CSK,CSK,1,3,0,42,1,14,4,2,3,2,0
BWS0566,M049,TP0212,Shahbaz Ahamad,RCB v CSK,RCB,CSK,RCB,2,3,0,27,1,9,6,3,1,0,0
BWS0567,M049,TP0207,Josh Hazlewood,RCB v CSK,RCB,CSK,RCB,2,4,0,19,1,4.75,10,1,0,0,0
BWS0568,M049,TP0211,Mohammed Siraj,RCB v CSK,RCB,CSK,RCB,2,2,0,22,0,11,2,4,0,0,0
BWS0569,M049,TP0217,Wanindu Hasaranga,RCB v CSK,RCB,CSK,RCB,2,3,0,31,1,10.33,7,0,4,0,0
BWS0570,M049,TP0204,Glenn Maxwell,RCB v CSK,RCB,CSK,RCB,2,4,0,22,2,5.5,8,2,0,0,0
BWS0571,M049,TP0205,Harshal Patel,RCB v CSK,RCB,CSK,RCB,2,4,0,35,3,8.75,11,2,3,0,0
BWS0572,M050,TP0221,Bhuvneshwar Kumar,DC v SRH,DC,SRH,SRH,1,4,1,25,1,6.25,14,3,1,0,0
BWS0573,M050,TP0234,Sean Abbott,DC v SRH,DC,SRH,SRH,1,4,0,47,1,11.75,7,5,2,3,0
BWS0574,M050,TP0238,Umran Malik,DC v SRH,DC,SRH,SRH,1,4,0,52,0,13,9,6,2,2,0
BWS0575,M050,TP0226,Kartik Tyagi,DC v SRH,DC,SRH,SRH,1,4,0,37,0,9.25,10,3,2,1,1
BWS0576,M050,TP0236,Shreyas Gopal,DC v SRH,DC,SRH,SRH,1,3,0,34,1,11.33,7,1,4,0,0
BWS0577,M050,TP0220,Aiden Markram,DC v SRH,DC,SRH,SRH,1,1,0,11,0,11,0,0,1,0,0
BWS0578,M050,TP0044,Shardul Thakur,DC v SRH,DC,SRH,DC,2,4,0,44,2,11,10,4,2,2,0
BWS0579,M050,TP0031,Khaleel Ahmed,DC v SRH,DC,SRH,DC,2,4,0,30,3,7.5,14,3,2,0,0
BWS0580,M050,TP0025,Anrich Nortje,DC v SRH,DC,SRH,DC,2,4,0,35,1,8.75,11,1,3,3,0
BWS0581,M050,TP0036,Mitchell Marsh,DC v SRH,DC,SRH,DC,2,4,0,36,1,9,9,6,0,1,0
BWS0582,M050,TP0032,Kuldeep Yadav,DC v SRH,DC,SRH,DC,2,4,0,40,1,10,10,2,4,0,0
BWS0583,M051,TP0062,Mohammad Shami,GT v MI,GT,MI,GT,1,4,0,42,0,10.5,8,2,3,2,0
BWS0584,M051,TP0050,Alzarri Joseph,GT v MI,GT,MI,GT,1,4,0,41,1,10.25,9,5,2,0,0
BWS0585,M051,TP0067,Rashid Khan,GT v MI,GT,MI,GT,1,4,0,24,2,6,10,2,0,0,0
BWS0586,M051,TP0060,Lockie Ferguson,GT v MI,GT,MI,GT,1,4,0,34,1,8.5,12,3,2,0,1
BWS0587,M051,TP0064,Pradeep Sangwan,GT v MI,GT,MI,GT,1,3,0,23,1,7.66,6,2,0,2,0
BWS0588,M051,TP0066,Rahul Tewatia,GT v MI,GT,MI,GT,1,1,0,11,0,11,0,0,1,0,0
BWS0589,M051,TP0124,Daniel Sams,GT v MI,GT,MI,MI,2,3,0,18,0,6,9,3,0,0,0
BWS0590,M051,TP0129,Jasprit Bumrah,GT v MI,GT,MI,MI,2,4,0,48,0,12,7,5,3,0,0
BWS0591,M051,TP0135,Murugan Ashwin,GT v MI,GT,MI,MI,2,4,0,29,2,7.25,8,2,1,0,0
BWS0592,M051,TP0139,Riley Meredith,GT v MI,GT,MI,MI,2,4,0,32,0,8,9,5,0,1,0
BWS0593,M051,TP0133,Mayank Markande,GT v MI,GT,MI,MI,2,3,0,29,0,9.66,4,3,1,0,0
BWS0594,M051,TP0132,Kieron Pollard,GT v MI,GT,MI,MI,2,2,0,13,1,6.5,4,0,1,0,0
BWS0595,M052,TP0193,Trent Boult,PK v RR,PK,RR,RR,1,4,1,36,0,9,10,5,1,1,0
BWS0596,M052,TP0185,Prasidh Krishna,PK v RR,PK,RR,RR,1,4,0,48,1,12,6,7,1,2,1
BWS0597,M052,TP0180,Kuldeep Sen,PK v RR,PK,RR,RR,1,4,0,42,0,10.5,9,5,2,2,0
BWS0598,M052,TP0186,R Ashwin,PK v RR,PK,RR,RR,1,4,0,32,1,8,8,3,1,1,0
BWS0599,M052,TP0195,Yuzvendra Chahal,PK v RR,PK,RR,RR,1,4,0,28,3,7,10,0,2,4,0
BWS0600,M052,TP0166,Sandeep Sharma,PK v RR,PK,RR,PK,2,4,0,41,0,10.25,10,7,1,1,0
BWS0601,M052,TP0156,Kagiso Rabada,PK v RR,PK,RR,PK,2,4,0,50,1,12.5,7,7,2,1,0
BWS0602,M052,TP0147,Arshdeep Singh,PK v RR,PK,RR,PK,2,4,0,29,2,7.25,8,4,0,1,0
BWS0603,M052,TP0165,Rishi Dhawan,PK v RR,PK,RR,PK,2,3,0,25,1,8.33,5,4,0,0,0
BWS0604,M052,TP0163,Rahul Chahar,PK v RR,PK,RR,PK,2,3.4,0,39,0,10.63,5,2,2,2,0
BWS0605,M052,TP0157,Liam Livingstone,PK v RR,PK,RR,PK,2,1,0,6,0,6,1,0,0,1,0
BWS0606,M053,TP0096,Tim Southee,LSG v KKR,LSG,KKR,KKR,1,4,0,28,1,7,12,3,1,0,0
BWS0607,M053,TP0093,Shivam Mavi,LSG v KKR,LSG,KKR,KKR,1,4,0,50,1,12.5,10,3,5,1,0
BWS0608,M053,TP0095,Sunil Narine,LSG v KKR,LSG,KKR,KKR,1,4,0,20,1,5,12,0,1,0,0
BWS0609,M053,TP0080,Anukul Roy,LSG v KKR,LSG,KKR,KKR,1,3,0,27,0,9,4,2,1,0,0
BWS0610,M053,TP0085,Nitish Rana,LSG v KKR,LSG,KKR,KKR,1,2,0,27,0,13.5,4,3,2,0,0
BWS0611,M053,TP0079,Andre Russell,LSG v KKR,LSG,KKR,KKR,1,3,0,22,2,7.33,2,0,0,1,0
BWS0612,M053,TP0117,Mohsin Khan,LSG v KKR,LSG,KKR,LSG,2,3,1,6,1,2,15,1,0,0,0
BWS0613,M053,TP0105,Dushmanta Chameera,LSG v KKR,LSG,KKR,LSG,2,3,0,14,1,4.66,11,2,0,0,0
BWS0614,M053,TP0102,Avesh Khan,LSG v KKR,LSG,KKR,LSG,2,3,1,19,3,6.33,11,1,1,2,0
BWS0615,M053,TP0107,Jason Holder,LSG v KKR,LSG,KKR,LSG,2,2.3,0,31,3,12.4,4,1,3,0,0
BWS0616,M053,TP0115,Mark Wood,LSG v KKR,LSG,KKR,LSG,2,3,0,30,1,10,8,3,2,0,0
BWS0617,M054,TP0225,Jagadeesha Suchith,SRH v RCB,SRH,RCB,SRH,1,4,0,30,2,7.5,12,1,2,2,0
BWS0618,M054,TP0221,Bhuvneshwar Kumar,SRH v RCB,SRH,RCB,SRH,1,4,0,34,0,8.5,7,2,2,0,0
BWS0619,M054,TP0222,Fazalhaq Farooqi,SRH v RCB,SRH,RCB,SRH,1,4,0,47,0,11.75,6,4,3,0,0
BWS0620,M054,TP0226,Kartik Tyagi,SRH v RCB,SRH,RCB,SRH,1,4,0,42,1,10.5,10,4,2,3,1
BWS0621,M054,TP0238,Umran Malik,SRH v RCB,SRH,RCB,SRH,1,2,0,25,0,12.5,4,4,1,0,0
BWS0622,M054,TP0219,Abhishek Sharma,SRH v RCB,SRH,RCB,SRH,1,2,0,13,0,6.5,2,1,0,0,0
BWS0623,M054,TP0204,Glenn Maxwell,SRH v RCB,SRH,RCB,RCB,2,2,0,13,1,6.5,7,1,1,0,0
BWS0624,M054,TP0207,Josh Hazlewood,SRH v RCB,SRH,RCB,RCB,2,4,0,17,2,4.25,13,2,0,0,0
BWS0625,M054,TP0212,Shahbaz Ahamad,SRH v RCB,SRH,RCB,RCB,2,2,0,20,0,10,3,3,0,2,0
BWS0626,M054,TP0211,Mohammed Siraj,SRH v RCB,SRH,RCB,RCB,2,3,0,27,0,9,7,1,2,1,0
BWS0627,M054,TP0210,Mahipal Lomror,SRH v RCB,SRH,RCB,RCB,2,1,0,7,0,7,2,1,0,0,0
BWS0628,M054,TP0205,Harshal Patel,SRH v RCB,SRH,RCB,RCB,2,3.2,0,20,1,6,9,1,1,1,0
BWS0629,M054,TP0217,Wanindu Hasaranga,SRH v RCB,SRH,RCB,RCB,2,4,1,18,5,4.5,14,1,1,0,0
BWS0630,M055,TP0044,Shardul Thakur,CSK v DC,CSK,DC,DC,1,3,0,38,0,12.66,5,4,2,2,0
BWS0631,M055,TP0031,Khaleel Ahmed,CSK v DC,CSK,DC,DC,1,4,0,28,2,7,10,2,1,3,0
BWS0632,M055,TP0025,Anrich Nortje,CSK v DC,CSK,DC,DC,1,4,0,42,3,10.5,6,5,1,0,1
BWS0633,M055,TP0241,Axar Patel,CSK v DC,CSK,DC,DC,1,3,0,23,0,7.66,5,0,2,0,0
BWS0634,M055,TP0032,Kuldeep Yadav,CSK v DC,CSK,DC,DC,1,3,0,43,0,14.33,4,4,3,2,0
BWS0635,M055,TP0036,Mitchell Marsh,CSK v DC,CSK,DC,DC,1,3,0,34,1,11.33,3,2,1,3,0
BWS0636,M055,TP0014,Mukesh Choudhary,CSK v DC,CSK,DC,CSK,2,3,0,22,2,7.33,10,1,2,0,0
BWS0637,M055,TP0022,Simarjeet Singh,CSK v DC,CSK,DC,CSK,2,4,0,27,2,6.75,13,3,1,1,0
BWS0638,M055,TP0011,Maheesh Theekshana,CSK v DC,CSK,DC,CSK,2,4,0,29,1,7.25,13,4,1,0,0
BWS0639,M055,TP0008,Dwayne Bravo,CSK v DC,CSK,DC,CSK,2,2.4,0,24,2,9,6,4,0,1,0
BWS0640,M055,TP0242,Moeen Ali,CSK v DC,CSK,DC,CSK,2,4,0,13,3,3.25,16,0,1,0,0
BWS0641,M056,TP0124,Daniel Sams,MI v KKR,MI,KKR,MI,1,4,0,26,1,6.5,13,0,2,3,0
BWS0642,M056,TP0135,Murugan Ashwin,MI v KKR,MI,KKR,MI,1,4,0,35,1,8.75,10,3,2,1,0
BWS0643,M056,TP0129,Jasprit Bumrah,MI v KKR,MI,KKR,MI,1,4,1,10,5,2.5,18,1,0,0,0
BWS0644,M056,TP0139,Riley Meredith,MI v KKR,MI,KKR,MI,1,3,0,35,0,11.66,6,4,1,1,0
BWS0645,M056,TP0133,Mayank Markande,MI v KKR,MI,KKR,MI,1,3,0,32,2,10.66,8,2,3,0,0
BWS0646,M056,TP0132,Kieron Pollard,MI v KKR,MI,KKR,MI,1,2,0,26,0,13,3,2,2,1,0
BWS0647,M056,TP0096,Tim Southee,MI v KKR,MI,KKR,KKR,2,3,0,10,1,3.33,13,1,0,0,0
BWS0648,M056,TP0086,Pat Cummins,MI v KKR,MI,KKR,KKR,2,4,0,22,3,5.5,11,2,0,1,0
BWS0649,M056,TP0079,Andre Russell,MI v KKR,MI,KKR,KKR,2,2.3,0,22,2,8.8,6,4,0,0,0
BWS0650,M056,TP0095,Sunil Narine,MI v KKR,MI,KKR,KKR,2,4,0,21,0,5.25,9,0,1,1,0
BWS0651,M056,TP0098,Varun Chakravarty,MI v KKR,MI,KKR,KKR,2,3,0,22,1,7.33,6,1,1,0,0
BWS0652,M056,TP0099,Venkatesh Iyer,MI v KKR,MI,KKR,KKR,2,1,0,8,0,8,1,1,0,0,0
BWS0653,M057,TP0117,Mohsin Khan,LSG v GT,LSG,GT,LSG,1,4,0,18,1,4.5,10,1,0,0,0
BWS0654,M057,TP0105,Dushmanta Chameera,LSG v GT,LSG,GT,LSG,1,4,0,34,0,8.5,10,6,0,2,0
BWS0655,M057,TP0102,Avesh Khan,LSG v GT,LSG,GT,LSG,1,4,0,26,2,6.5,8,3,0,1,0
BWS0656,M057,TP0111,Krunal Pandya,LSG v GT,LSG,GT,LSG,1,4,0,24,0,6,5,1,0,0,0
BWS0657,M057,TP0107,Jason Holder,LSG v GT,LSG,GT,LSG,1,4,0,41,1,10.25,5,4,1,3,0
BWS0658,M057,TP0062,Mohammad Shami,LSG v GT,LSG,GT,GT,2,3,0,5,1,1.66,14,0,0,1,0
BWS0659,M057,TP0056,Hardik Pandya,LSG v GT,LSG,GT,GT,2,1,0,8,0,8,2,1,0,0,0
BWS0660,M057,TP0073,Yash Dayal,LSG v GT,LSG,GT,GT,2,2,0,24,2,12,5,4,1,0,0
BWS0661,M057,TP0050,Alzarri Joseph,LSG v GT,LSG,GT,GT,2,2,0,14,0,7,4,2,0,0,0
BWS0662,M057,TP0067,Rashid Khan,LSG v GT,LSG,GT,GT,2,3.5,0,24,4,6.26,11,0,2,2,0
BWS0663,M057,TP0065,R Sai Kishore,LSG v GT,LSG,GT,GT,2,2,0,7,2,3.5,5,0,0,0,0
BWS0664,M058,TP0027,Chetan Sakariya,RR v DC,RR,DC,DC,1,4,0,23,2,5.75,9,1,0,3,0
BWS0665,M058,TP0025,Anrich Nortje,RR v DC,RR,DC,DC,1,4,0,39,2,9.75,8,4,2,1,0
BWS0666,M058,TP0044,Shardul Thakur,RR v DC,RR,DC,DC,1,4,0,27,0,6.75,12,4,0,1,0
BWS0667,M058,TP0241,Axar Patel,RR v DC,RR,DC,DC,1,2,0,25,0,12.5,5,1,3,0,0
BWS0668,M058,TP0036,Mitchell Marsh,RR v DC,RR,DC,DC,1,3,0,25,2,8.33,5,4,0,0,0
BWS0669,M058,TP0032,Kuldeep Yadav,RR v DC,RR,DC,DC,1,3,0,20,0,6.66,3,0,1,0,0
BWS0670,M058,TP0193,Trent Boult,RR v DC,RR,DC,RR,2,4,0,32,1,8,11,4,1,2,0
BWS0671,M058,TP0185,Prasidh Krishna,RR v DC,RR,DC,RR,2,3,1,20,0,6.66,11,2,1,0,0
BWS0672,M058,TP0186,R Ashwin,RR v DC,RR,DC,RR,2,4,0,32,0,8,7,1,2,2,0
BWS0673,M058,TP0180,Kuldeep Sen,RR v DC,RR,DC,RR,2,3.1,0,32,0,10.1,6,2,2,0,0
BWS0674,M058,TP0195,Yuzvendra Chahal,RR v DC,RR,DC,RR,2,4,0,43,1,10.75,6,1,4,1,0
BWS0675,M059,TP0124,Daniel Sams,CSK v MI,CSK,MI,MI,1,4,0,16,3,4,18,1,0,6,0
BWS0676,M059,TP0129,Jasprit Bumrah,CSK v MI,CSK,MI,MI,1,3,1,12,1,4,13,2,0,0,0
BWS0677,M059,TP0139,Riley Meredith,CSK v MI,CSK,MI,MI,1,3,0,27,2,9,11,3,1,1,0
BWS0678,M059,TP0127,Hrithik Shokeen,CSK v MI,CSK,MI,MI,1,2,0,12,0,6,7,0,1,1,0
BWS0679,M059,TP0133,Mayank Markande,CSK v MI,CSK,MI,MI,1,3,0,22,2,7.33,9,2,1,0,0
BWS0680,M059,TP0138,Ramandeep Singh,CSK v MI,CSK,MI,MI,1,1,0,5,1,5,4,1,0,0,0
BWS0681,M059,TP0014,Mukesh Choudhary,CSK v MI,CSK,MI,CSK,2,4,0,23,3,5.75,17,4,0,3,0
BWS0682,M059,TP0022,Simarjeet Singh,CSK v MI,CSK,MI,CSK,2,4,0,22,1,5.5,16,3,0,1,0
BWS0683,M059,TP0008,Dwayne Bravo,CSK v MI,CSK,MI,CSK,2,2,0,16,0,8,3,1,0,1,0
BWS0684,M059,TP0011,Maheesh Theekshana,CSK v MI,CSK,MI,CSK,2,3,0,24,0,8,5,3,0,0,0
BWS0685,M059,TP0242,Moeen Ali,CSK v MI,CSK,MI,CSK,2,1.5,0,17,1,9.27,4,0,2,0,0
BWS0686,M060,TP0204,Glenn Maxwell,RCB v PK,RCB,PK,RCB,1,2,0,17,1,8.5,6,0,2,0,0
BWS0687,M060,TP0207,Josh Hazlewood,RCB v PK,RCB,PK,RCB,1,4,0,64,0,16,5,7,4,2,0
BWS0688,M060,TP0211,Mohammed Siraj,RCB v PK,RCB,PK,RCB,1,2,0,36,0,18,3,2,4,0,1
BWS0689,M060,TP0217,Wanindu Hasaranga,RCB v PK,RCB,PK,RCB,1,4,0,15,2,3.75,12,1,0,0,0
BWS0690,M060,TP0212,Shahbaz Ahamad,RCB v PK,RCB,PK,RCB,1,4,0,40,1,10,5,3,2,0,0
BWS0691,M060,TP0205,Harshal Patel,RCB v PK,RCB,PK,RCB,1,4,0,34,4,8.5,10,3,2,1,0
BWS0692,M060,TP0152,Harpreet Brar,RCB v PK,RCB,PK,PK,2,4,0,33,1,8.25,12,3,2,2,0
BWS0693,M060,TP0147,Arshdeep Singh,RCB v PK,RCB,PK,PK,2,4,0,27,1,6.75,9,3,0,1,0
BWS0694,M060,TP0156,Kagiso Rabada,RCB v PK,RCB,PK,PK,2,4,0,21,3,5.25,15,2,0,2,0
BWS0695,M060,TP0165,Rishi Dhawan,RCB v PK,RCB,PK,PK,2,4,0,36,2,9,4,2,1,0,0
BWS0696,M060,TP0163,Rahul Chahar,RCB v PK,RCB,PK,PK,2,4,0,37,2,9.25,10,3,2,3,0
BWS0697,M061,TP0221,Bhuvneshwar Kumar,KKR v SRH,KKR,SRH,SRH,1,4,0,27,1,6.75,13,3,0,5,0
BWS0698,M061,TP0227,Marco Jansen,KKR v SRH,KKR,SRH,SRH,1,4,0,30,1,7.5,11,0,3,0,0
BWS0699,M061,TP0237,T Natarajan,KKR v SRH,KKR,SRH,SRH,1,4,0,43,1,10.75,7,1,4,1,0
BWS0700,M061,TP0240,Washington Sundar,KKR v SRH,KKR,SRH,SRH,1,4,0,40,0,10,8,1,4,0,0
BWS0701,M061,TP0238,Umran Malik,KKR v SRH,KKR,SRH,SRH,1,4,0,33,3,8.25,10,5,0,2,0
BWS0702,M061,TP0097,Umesh Yadav,KKR v SRH,KKR,SRH,KKR,2,4,0,19,1,4.75,13,1,1,0,0
BWS0703,M061,TP0096,Tim Southee,KKR v SRH,KKR,SRH,KKR,2,4,0,23,2,5.75,9,2,0,0,0
BWS0704,M061,TP0095,Sunil Narine,KKR v SRH,KKR,SRH,KKR,2,4,0,34,1,8.5,6,1,2,0,0
BWS0705,M061,TP0079,Andre Russell,KKR v SRH,KKR,SRH,KKR,2,4,0,22,3,5.5,14,3,0,2,0
BWS0706,M061,TP0098,Varun Chakravarty,KKR v SRH,KKR,SRH,KKR,2,4,0,25,1,6.25,13,1,2,1,0
BWS0707,M062,TP0062,Mohammad Shami,CSK v GT,CSK,GT,GT,1,4,0,19,2,4.75,9,0,0,0,0
BWS0708,M062,TP0056,Hardik Pandya,CSK v GT,CSK,GT,GT,1,2,0,8,0,4,5,0,0,0,1
BWS0709,M062,TP0073,Yash Dayal,CSK v GT,CSK,GT,GT,1,3,0,27,0,9,6,2,1,3,0
BWS0710,M062,TP0067,Rashid Khan,CSK v GT,CSK,GT,GT,1,4,0,31,1,7.75,6,0,2,0,0
BWS0711,M062,TP0050,Alzarri Joseph,CSK v GT,CSK,GT,GT,1,3,0,15,1,5,10,2,0,0,0
BWS0712,M062,TP0065,R Sai Kishore,CSK v GT,CSK,GT,GT,1,4,0,31,1,7.75,8,3,1,1,0
BWS0713,M062,TP0014,Mukesh Choudhary,CSK v GT,CSK,GT,CSK,2,3,0,28,0,9.33,5,5,0,0,0
BWS0714,M062,TP0022,Simarjeet Singh,CSK v GT,CSK,GT,CSK,2,3,0,26,0,8.66,8,3,1,1,0
BWS0715,M062,TP0012,Mitchell Santner,CSK v GT,CSK,GT,CSK,2,4,0,24,0,6,11,3,0,0,0
BWS0716,M062,TP0016,Prashant Solanki,CSK v GT,CSK,GT,CSK,2,4,0,18,0,4.5,6,0,0,0,0
BWS0717,M062,TP0011,Maheesh Theekshana,CSK v GT,CSK,GT,CSK,2,3.1,0,24,2,7.57,8,3,0,3,0
BWS0718,M062,TP0242,Moeen Ali,CSK v GT,CSK,GT,CSK,2,2,0,11,1,5.5,4,1,0,0,0
BWS0719,M063,TP0117,Mohsin Khan,LSG v RR,LSG,RR,LSG,1,4,0,43,0,10.75,9,6,1,1,0
BWS0720,M063,TP0105,Dushmanta Chameera,LSG v RR,LSG,RR,LSG,1,3,0,35,0,11.66,7,5,1,0,1
BWS0721,M063,TP0102,Avesh Khan,LSG v RR,LSG,RR,LSG,1,3,0,20,1,6.66,9,3,0,0,0
BWS0722,M063,TP0107,Jason Holder,LSG v RR,LSG,RR,LSG,1,2,0,12,1,6,3,1,0,0,0
BWS0723,M063,TP0115,Mark Wood,LSG v RR,LSG,RR,LSG,1,4,0,31,2,7.75,9,4,0,1,0
BWS0724,M063,TP0243,Marcus Stoinis,LSG v RR,LSG,RR,LSG,1,1,0,15,0,15,2,2,1,0,0
BWS0725,M063,TP0103,Ayush Badoni,LSG v RR,LSG,RR,LSG,1,1,0,5,1,5,3,0,0,0,0
BWS0726,M063,TP0111,Krunal Pandya,LSG v RR,LSG,RR,LSG,1,2,0,16,0,8,4,1,1,0,0
BWS0727,M063,TP0193,Trent Boult,LSG v RR,LSG,RR,RR,2,4,0,18,2,4.5,14,2,0,0,0
BWS0728,M063,TP0185,Prasidh Krishna,LSG v RR,LSG,RR,RR,2,4,0,32,2,8,14,2,2,2,0
BWS0729,M063,TP0195,Yuzvendra Chahal,LSG v RR,LSG,RR,RR,2,4,0,42,1,10.5,6,2,3,1,0
BWS0730,M063,TP0186,R Ashwin,LSG v RR,LSG,RR,RR,2,4,0,24,1,6,7,1,0,1,0
BWS0731,M063,TP0184,Obed McCoy,LSG v RR,LSG,RR,RR,2,4,0,35,2,8.75,7,2,1,4,0
BWS0732,M064,TP0157,Liam Livingstone,PK v DC,PK,DC,PK,1,4,0,27,3,6.75,8,1,1,2,0
BWS0733,M064,TP0156,Kagiso Rabada,PK v DC,PK,DC,PK,1,3,0,24,1,8,8,1,2,0,0
BWS0734,M064,TP0152,Harpreet Brar,PK v DC,PK,DC,PK,1,3,0,29,0,9.66,6,4,1,0,0
BWS0735,M064,TP0165,Rishi Dhawan,PK v DC,PK,DC,PK,1,2,0,17,0,8.5,2,2,0,0,0
BWS0736,M064,TP0147,Arshdeep Singh,PK v DC,PK,DC,PK,1,4,0,37,3,9.25,7,3,1,0,1
BWS0737,M064,TP0163,Rahul Chahar,PK v DC,PK,DC,PK,1,4,0,19,0,4.75,14,1,1,0,0
BWS0738,M064,TP0031,Khaleel Ahmed,PK v DC,PK,DC,DC,2,4,0,43,0,10.75,8,3,3,0,0
BWS0739,M064,TP0025,Anrich Nortje,PK v DC,PK,DC,DC,2,4,0,29,1,7.25,11,4,0,1,1
BWS0740,M064,TP0033,Lalit Yadav,PK v DC,PK,DC,DC,2,1,0,6,0,6,4,1,0,1,0
BWS0741,M064,TP0044,Shardul Thakur,PK v DC,PK,DC,DC,2,4,0,36,4,9,10,3,2,3,0
BWS0742,M064,TP0241,Axar Patel,PK v DC,PK,DC,DC,2,4,0,14,2,3.5,14,1,0,0,0
BWS0743,M064,TP0032,Kuldeep Yadav,PK v DC,PK,DC,DC,2,3,0,14,2,4.66,9,1,0,0,0
BWS0744,M065,TP0124,Daniel Sams,MI v SRH,MI,SRH,MI,1,4,0,39,1,9.75,8,4,2,0,0
BWS0745,M065,TP0139,Riley Meredith,MI v SRH,MI,SRH,MI,1,4,0,44,1,11,6,1,3,2,0
BWS0746,M065,TP0141,Sanjay Yadav,MI v SRH,MI,SRH,MI,1,2,0,23,0,11.5,6,3,1,2,0
BWS0747,M065,TP0129,Jasprit Bumrah,MI v SRH,MI,SRH,MI,1,4,0,32,1,8,11,4,1,0,0
BWS0748,M065,TP0133,Mayank Markande,MI v SRH,MI,SRH,MI,1,3,0,31,0,10.33,2,3,1,0,0
BWS0749,M065,TP0138,Ramandeep Singh,MI v SRH,MI,SRH,MI,1,3,0,20,3,6.66,5,2,0,1,0
BWS0750,M065,TP0222,Fazalhaq Farooqi,MI v SRH,MI,SRH,SRH,2,4,0,31,0,7.75,11,2,1,3,0
BWS0751,M065,TP0221,Bhuvneshwar Kumar,MI v SRH,MI,SRH,SRH,2,4,1,26,1,6.5,12,1,2,0,0
BWS0752,M065,TP0240,Washington Sundar,MI v SRH,MI,SRH,SRH,2,4,0,36,1,9,4,3,1,0,0
BWS0753,M065,TP0237,T Natarajan,MI v SRH,MI,SRH,SRH,2,4,0,60,0,15,4,4,5,2,0
BWS0754,M065,TP0238,Umran Malik,MI v SRH,MI,SRH,SRH,2,3,0,23,3,7.66,12,2,1,3,2
BWS0755,M065,TP0219,Abhishek Sharma,MI v SRH,MI,SRH,SRH,2,1,0,10,0,10,1,0,1,0,0
BWS0756,M066,TP0097,Umesh Yadav,KKR v LSG,KKR,LSG,KKR,1,4,0,34,0,8.5,7,2,2,0,0
BWS0757,M066,TP0096,Tim Southee,KKR v LSG,KKR,LSG,KKR,1,4,0,57,0,14.25,5,2,6,1,0
BWS0758,M066,TP0095,Sunil Narine,KKR v LSG,KKR,LSG,KKR,1,4,0,27,0,6.75,8,0,2,0,0
BWS0759,M066,TP0098,Varun Chakravarty,KKR v LSG,KKR,LSG,KKR,1,4,0,38,0,9.5,9,3,2,0,1
BWS0760,M066,TP0079,Andre Russell,KKR v LSG,KKR,LSG,KKR,1,3,0,45,0,15,1,5,2,0,0
BWS0761,M066,TP0085,Nitish Rana,KKR v LSG,KKR,LSG,KKR,1,1,0,9,0,9,0,1,0,0,0
BWS0762,M066,TP0117,Mohsin Khan,KKR v LSG,KKR,LSG,LSG,2,4,0,20,3,5,16,2,1,1,0
BWS0763,M066,TP0107,Jason Holder,KKR v LSG,KKR,LSG,LSG,2,4,0,45,0,11.25,10,3,4,2,0
BWS0764,M066,TP0102,Avesh Khan,KKR v LSG,KKR,LSG,LSG,2,4,0,60,0,15,6,7,3,3,1
BWS0765,M066,TP0108,K Gowtham,KKR v LSG,KKR,LSG,LSG,2,2,0,23,1,11.5,4,3,1,0,0
BWS0766,M066,TP0115,Mark Wood,KKR v LSG,KKR,LSG,LSG,2,4,0,34,1,8.5,6,2,2,0,0
BWS0767,M066,TP0243,Marcus Stoinis,KKR v LSG,KKR,LSG,LSG,2,2,0,23,3,11.5,4,1,2,0,0
BWS0768,M067,TP0214,Siddharth Kaul,RCB v GT,RCB,GT,RCB,1,4,0,43,0,10.75,6,5,2,0,0
BWS0769,M067,TP0212,Shahbaz Ahamad,RCB v GT,RCB,GT,RCB,1,2,0,15,0,7.5,5,1,1,0,0
BWS0770,M067,TP0207,Josh Hazlewood,RCB v GT,RCB,GT,RCB,1,4,0,39,2,9.75,10,3,3,0,0
BWS0771,M067,TP0204,Glenn Maxwell,RCB v GT,RCB,GT,RCB,1,4,1,28,1,7,14,0,3,1,0
BWS0772,M067,TP0210,Mahipal Lomror,RCB v GT,RCB,GT,RCB,1,1,0,11,0,11,1,0,1,0,0
BWS0773,M067,TP0217,Wanindu Hasaranga,RCB v GT,RCB,GT,RCB,1,4,0,25,1,6.25,7,2,0,1,0
BWS0774,M067,TP0205,Harshal Patel,RCB v GT,RCB,GT,RCB,1,1,0,6,0,6,3,0,0,0,0
BWS0775,M067,TP0062,Mohammad Shami,RCB v GT,RCB,GT,GT,2,2,0,23,0,11.5,6,4,0,1,0
BWS0776,M067,TP0056,Hardik Pandya,RCB v GT,RCB,GT,GT,2,3,0,35,0,11.66,6,4,2,1,0
BWS0777,M067,TP0067,Rashid Khan,RCB v GT,RCB,GT,GT,2,4,0,32,2,8,6,1,2,0,0
BWS0778,M067,TP0073,Yash Dayal,RCB v GT,RCB,GT,GT,2,4,0,35,0,8.75,6,5,0,1,0
BWS0779,M067,TP0065,R Sai Kishore,RCB v GT,RCB,GT,GT,2,4,0,20,0,5,7,0,0,0,0
BWS0780,M067,TP0060,Lockie Ferguson,RCB v GT,RCB,GT,GT,2,1.4,0,21,0,12.6,2,4,0,0,0
BWS0781,M068,TP0193,Trent Boult,RR v CSK,RR,CSK,RR,1,4,0,44,1,11,10,6,2,0,0
BWS0782,M068,TP0185,Prasidh Krishna,RR v CSK,RR,CSK,RR,1,4,0,32,0,8,12,3,2,0,0
BWS0783,M068,TP0186,R Ashwin,RR v CSK,RR,CSK,RR,1,4,0,28,1,7,9,2,1,2,0
BWS0784,M068,TP0195,Yuzvendra Chahal,RR v CSK,RR,CSK,RR,1,4,0,26,2,6.5,9,3,0,1,0
BWS0785,M068,TP0184,Obed McCoy,RR v CSK,RR,CSK,RR,1,4,0,20,2,5,11,1,0,2,0
BWS0786,M068,TP0014,Mukesh Choudhary,RR v CSK,RR,CSK,CSK,2,4,0,41,0,10.25,8,6,1,0,0
BWS0787,M068,TP0022,Simarjeet Singh,RR v CSK,RR,CSK,CSK,2,3,0,18,1,6,10,3,0,0,0
BWS0788,M068,TP0012,Mitchell Santner,RR v CSK,RR,CSK,CSK,2,3,0,15,1,5,7,1,0,0,0
BWS0789,M068,TP0011,Maheesh Theekshana,RR v CSK,RR,CSK,CSK,2,3.4,0,28,0,7.63,12,3,0,4,0
BWS0790,M068,TP0242,Moeen Ali,RR v CSK,RR,CSK,CSK,2,4,0,21,1,5.25,8,0,1,0,0
BWS0791,M068,TP0016,Prashant Solanki,RR v CSK,RR,CSK,CSK,2,2,0,20,2,10,6,1,2,0,0
BWS0792,M069,TP0124,Daniel Sams,MI v DC,MI,DC,MI,1,4,0,30,1,7.5,10,1,2,1,0
BWS0793,M069,TP0127,Hrithik Shokeen,MI v DC,MI,DC,MI,1,4,0,34,0,8.5,11,3,2,2,0
BWS0794,M069,TP0129,Jasprit Bumrah,MI v DC,MI,DC,MI,1,4,0,25,3,6.25,11,0,2,0,0
BWS0795,M069,TP0133,Mayank Markande,MI v DC,MI,DC,MI,1,4,0,26,1,6.5,9,1,1,0,0
BWS0796,M069,TP0139,Riley Meredith,MI v DC,MI,DC,MI,1,2,0,9,0,4.5,7,1,0,1,0
BWS0797,M069,TP0138,Ramandeep Singh,MI v DC,MI,DC,MI,1,2,0,29,2,14.5,4,2,2,4,0
BWS0798,M069,TP0031,Khaleel Ahmed,MI v DC,MI,DC,DC,2,3.1,0,24,0,7.57,11,3,1,1,1
BWS0799,M069,TP0025,Anrich Nortje,MI v DC,MI,DC,DC,2,4,0,37,2,9.25,11,4,2,0,0
BWS0800,M069,TP0044,Shardul Thakur,MI v DC,MI,DC,DC,2,3,0,32,2,10.66,8,0,4,2,0
BWS0801,M069,TP0036,Mitchell Marsh,MI v DC,MI,DC,DC,2,2,0,7,0,3.5,8,1,0,0,0
BWS0802,M069,TP0032,Kuldeep Yadav,MI v DC,MI,DC,DC,2,4,0,33,1,8.25,9,1,3,0,0
BWS0803,M069,TP0241,Axar Patel,MI v DC,MI,DC,DC,2,3,0,26,0,8.66,3,0,2,0,0
BWS0804,M070,TP0157,Liam Livingstone,SRH v PK,SRH,PK,PK,1,4,0,25,0,6.25,8,1,1,0,0
BWS0805,M070,TP0147,Arshdeep Singh,SRH v PK,SRH,PK,PK,1,4,0,25,0,6.25,10,3,0,0,0
BWS0806,M070,TP0156,Kagiso Rabada,SRH v PK,SRH,PK,PK,1,4,0,38,1,9.5,10,4,1,3,0
BWS0807,M070,TP0159,Nathan Ellis,SRH v PK,SRH,PK,PK,1,4,0,40,3,10,11,3,3,1,1
BWS0808,M070,TP0152,Harpreet Brar,SRH v PK,SRH,PK,PK,1,4,0,26,3,6.5,11,2,1,0,0
BWS0809,M070,TP0221,Bhuvneshwar Kumar,SRH v PK,SRH,PK,SRH,2,2,0,22,0,11,4,3,1,0,0
BWS0810,M070,TP0240,Washington Sundar,SRH v PK,SRH,PK,SRH,2,2,0,19,1,9.5,4,2,1,0,0
BWS0811,M070,TP0222,Fazalhaq Farooqi,SRH v PK,SRH,PK,SRH,2,4,0,32,2,8,7,4,0,1,0
BWS0812,M070,TP0225,Jagadeesha Suchith,SRH v PK,SRH,PK,SRH,2,4,0,38,1,9.5,9,2,3,2,0
BWS0813,M070,TP0238,Umran Malik,SRH v PK,SRH,PK,SRH,2,2.1,0,24,1,11.07,5,2,2,0,0
BWS0814,M070,TP0232,Romario Shepherd,SRH v PK,SRH,PK,SRH,2,1,0,23,0,23,1,2,2,1,0
BWS0815,M071,TP0062,Mohammad Shami,GT v RR,GT,RR,GT,1,4,0,43,1,10.75,11,6,1,2,0
BWS0816,M071,TP0073,Yash Dayal,GT v RR,GT,RR,GT,1,4,0,46,1,11.5,11,5,2,2,1
BWS0817,M071,TP0050,Alzarri Joseph,GT v RR,GT,RR,GT,1,2,0,27,0,13.5,4,3,2,0,0
BWS0818,M071,TP0067,Rashid Khan,GT v RR,GT,RR,GT,1,4,0,15,0,3.75,10,0,0,0,0
BWS0819,M071,TP0065,R Sai Kishore,GT v RR,GT,RR,GT,1,4,0,43,1,10.75,4,4,2,1,0
BWS0820,M071,TP0056,Hardik Pandya,GT v RR,GT,RR,GT,1,2,0,14,1,7,4,1,0,1,0
BWS0821,M071,TP0193,Trent Boult,GT v RR,GT,RR,RR,2,4,0,38,1,9.5,8,6,0,0,0
BWS0822,M071,TP0185,Prasidh Krishna,GT v RR,GT,RR,RR,2,3.3,0,40,0,11.42,10,3,3,1,0
BWS0823,M071,TP0186,R Ashwin,GT v RR,GT,RR,RR,2,4,0,40,0,10,5,4,1,3,0
BWS0824,M071,TP0195,Yuzvendra Chahal,GT v RR,GT,RR,RR,2,4,0,32,0,8,5,1,2,0,0
BWS0825,M071,TP0184,Obed McCoy,GT v RR,GT,RR,RR,2,4,0,40,1,10,4,5,0,3,1
BWS0826,M072,TP0117,Mohsin Khan,LSG v RCB,LSG,RCB,LSG,1,4,0,25,1,6.25,13,1,1,1,0
BWS0827,M072,TP0105,Dushmanta Chameera,LSG v RCB,LSG,RCB,LSG,1,4,0,54,0,13.5,7,8,2,0,1
BWS0828,M072,TP0111,Krunal Pandya,LSG v RCB,LSG,RCB,LSG,1,4,0,39,1,9.75,4,4,1,1,0
BWS0829,M072,TP0102,Avesh Khan,LSG v RCB,LSG,RCB,LSG,1,4,0,44,1,11,10,6,1,2,0
BWS0830,M072,TP0115,Mark Wood,LSG v RCB,LSG,RCB,LSG,1,4,0,45,1,11.25,8,2,4,1,0
BWS0831,M072,TP0211,Mohammed Siraj,LSG v RCB,LSG,RCB,RCB,2,4,0,41,1,10.25,10,1,4,2,0
BWS0832,M072,TP0207,Josh Hazlewood,LSG v RCB,LSG,RCB,RCB,2,4,0,43,3,10.75,11,3,3,3,0
BWS0833,M072,TP0212,Shahbaz Ahamad,LSG v RCB,LSG,RCB,RCB,2,4,0,35,0,8.75,6,1,2,2,0
BWS0834,M072,TP0217,Wanindu Hasaranga,LSG v RCB,LSG,RCB,RCB,2,4,0,42,1,10.5,5,1,4,0,0
BWS0835,M072,TP0205,Harshal Patel,LSG v RCB,LSG,RCB,RCB,2,4,0,25,1,6.25,11,0,1,3,0
BWS0836,M073,TP0193,Trent Boult,RR v RCB,RR,RCB,RR,1,4,0,28,1,7,13,3,1,0,0
BWS0837,M073,TP0185,Prasidh Krishna,RR v RCB,RR,RCB,RR,1,4,0,22,3,5.5,17,3,1,1,0
BWS0838,M073,TP0184,Obed McCoy,RR v RCB,RR,RCB,RR,1,4,0,23,3,5.75,10,2,0,1,0
BWS0839,M073,TP0186,R Ashwin,RR v RCB,RR,RCB,RR,1,4,0,31,1,7.75,5,0,2,1,0
BWS0840,M073,TP0195,Yuzvendra Chahal,RR v RCB,RR,RCB,RR,1,4,0,45,0,11.25,2,1,3,4,0
BWS0841,M073,TP0211,Mohammed Siraj,RR v RCB,RR,RCB,RCB,2,2,0,31,0,15.5,5,3,3,0,0
BWS0842,M073,TP0207,Josh Hazlewood,RR v RCB,RR,RCB,RCB,2,4,0,23,2,5.75,12,3,0,0,0
BWS0843,M073,TP0204,Glenn Maxwell,RR v RCB,RR,RCB,RCB,2,3,0,17,0,5.66,5,0,0,0,0
BWS0844,M073,TP0212,Shahbaz Ahamad,RR v RCB,RR,RCB,RCB,2,2,0,35,0,17.5,2,3,3,0,0
BWS0845,M073,TP0205,Harshal Patel,RR v RCB,RR,RCB,RCB,2,3.1,0,29,0,9.15,6,2,2,0,0
BWS0846,M073,TP0217,Wanindu Hasaranga,RR v RCB,RR,RCB,RCB,2,4,0,26,1,6.5,11,1,2,0,0
BWS0847,M074,TP0062,Mohammad Shami,GT v RR,GT,RR,GT,1,4,0,33,1,8.25,12,4,1,0,0
BWS0848,M074,TP0073,Yash Dayal,GT v RR,GT,RR,GT,1,3,0,18,1,6,9,1,1,0,0
BWS0849,M074,TP0060,Lockie Ferguson,GT v RR,GT,RR,GT,1,3,0,22,0,7.33,5,3,0,0,0
BWS0850,M074,TP0067,Rashid Khan,GT v RR,GT,RR,GT,1,4,0,18,1,4.5,9,1,0,0,0
BWS0851,M074,TP0056,Hardik Pandya,GT v RR,GT,RR,GT,1,4,0,17,3,4.25,14,2,0,0,0
BWS0852,M074,TP0065,R Sai Kishore,GT v RR,GT,RR,GT,1,2,0,20,2,10,3,0,2,0,0
BWS0853,M074,TP0193,Trent Boult,GT v RR,GT,RR,RR,2,4,1,14,1,3.5,17,1,0,2,0
BWS0854,M074,TP0185,Prasidh Krishna,GT v RR,GT,RR,RR,2,4,0,40,1,10,13,5,1,2,0
BWS0855,M074,TP0195,Yuzvendra Chahal,GT v RR,GT,RR,RR,2,4,0,20,1,5,10,1,0,0,0
BWS0856,M074,TP0184,Obed McCoy,GT v RR,GT,RR,RR,2,3.1,0,26,0,8.21,5,2,1,0,0
BWS0857,M074,TP0186,R Ashwin,GT v RR,GT,RR,RR,2,3,0,32,0,10.66,2,1,2,0,0
